TRADEDATE;CLOSE;OPEN;HIGH;LOW
18.11.2013;21,84;23,8;23,87;21,77
19.11.2013;22,49;21,83;22,74;20,98
20.11.2013;22,77;22,48;22,98;22,28
21.11.2013;21,89;22,75;23;21,77
22.11.2013;21,85;21,86;22,22;21,16
25.11.2013;21,64;21,85;22,51;21,57
26.11.2013;21,87;21,58;22,39;21,11
27.11.2013;23,41;21,86;23,41;21,17
28.11.2013;23,49;23,39;24,15;22,72
29.11.2013;23,8;23,5;24,43;23,07
02.12.2013;24,59;23,83;24,9;22,73
03.12.2013;25,24;24,59;26,49;24,1
04.12.2013;25,9;25,25;26,08;24,3
05.12.2013;26,15;25,89;26,26;24,26
06.12.2013;24,36;26,07;26,16;23,93
09.12.2013;23,85;24,35;25,82;23,01
10.12.2013;24,09;23,65;24,67;22,93
11.12.2013;23,56;24,09;24,79;22,5
12.12.2013;23,45;23,61;25,95;23,1
13.12.2013;22,64;23,45;24,84;22
16.12.2013;22,43;22,64;24,25;22,06
17.12.2013;19,99;22,42;22,55;19,72
18.12.2013;20,8;19,99;21,07;19,87
19.12.2013;19,47;20,82;22,48;19,28
20.12.2013;18,04;19,5;19,52;17,45
23.12.2013;18,36;17,93;19,29;17,5
24.12.2013;17,75;18,36;18,89;17,33
25.12.2013;18,94;17,7;19,37;17,61
26.12.2013;19,6;18,94;20,6;18,76
27.12.2013;19,36;19,6;20,58;18,97
30.12.2013;20,48;19,36;21,31;19,22
06.01.2014;22,7;20,47;23,05;20,36
08.01.2014;19,4;22,69;22,96;18,79
09.01.2014;18,85;19,53;23,19;18,51
10.01.2014;20,56;18,83;20,58;17,18
13.01.2014;20,07;20,42;21,16;19,02
14.01.2014;21,2;20,07;21,49;18,65
15.01.2014;21,14;21,22;21,46;20,16
16.01.2014;20,36;21,2;21,42;19,67
17.01.2014;20,34;20,36;20,85;19,62
20.01.2014;20,98;20,31;21,66;19,81
21.01.2014;21,14;20,99;21,58;20,73
22.01.2014;20,49;21,14;21,28;20,2
23.01.2014;20,24;20,48;21,23;20,17
24.01.2014;22;20,18;22,09;20,12
27.01.2014;24,24;22,04;24,49;21,84
28.01.2014;24,33;24,26;24,71;23,48
29.01.2014;28,16;24,33;28,73;24,04
30.01.2014;25,2;28,16;29,04;25,11
31.01.2014;27,48;25,26;27,59;24,43
03.02.2014;28,55;27,47;29,08;25,79
04.02.2014;27,74;28,53;29,84;26,87
05.02.2014;25,59;27,76;28,08;25,38
06.02.2014;25,01;25,58;26,77;24,48
07.02.2014;25,03;25,02;25,4;24,46
10.02.2014;25,47;25,04;26,09;24,46
11.02.2014;25,2;25,43;25,8;24,37
12.02.2014;25,03;25,22;25,92;24,49
13.02.2014;25,23;25,03;25,53;24,6
14.02.2014;26,01;25,21;26,42;24,63
17.02.2014;26,8;25,99;26,86;25,5
18.02.2014;26,29;26,77;27,07;26,18
19.02.2014;26,12;26,29;26,35;25,36
20.02.2014;27,41;26,12;27,69;26,12
21.02.2014;25,97;27,42;27,49;25,75
24.02.2014;25,64;25,95;26,62;25,22
25.02.2014;26,54;25,63;27,1;25,03
26.02.2014;25,84;26,55;26,8;25,41
27.02.2014;27,69;25,81;28,05;25,05
28.02.2014;28,38;27,7;29,35;26,82
03.03.2014;57,18;28,35;60,67;27,88
04.03.2014;51,05;57,24;63,36;50,45
05.03.2014;43,63;51,04;51,1;43,63
06.03.2014;49,26;43,64;52,56;42,36
07.03.2014;49,77;49,26;51,74;48,99
11.03.2014;51,25;49,79;56,28;44,29
12.03.2014;47,16;53,59;55,86;42,7
13.03.2014;54,32;48,47;54,32;45,02
14.03.2014;60,59;55,4;70,63;54,55
17.03.2014;57,7;59,88;69,37;57,43
18.03.2014;49,46;58,33;58,87;48,96
19.03.2014;48,28;49,19;50,14;45,87
20.03.2014;51,06;49,83;53,3;47,9
21.03.2014;50,63;50,57;60,36;50,41
24.03.2014;52,73;50,22;52,87;48,26
25.03.2014;49,29;52,59;53,42;48,48
26.03.2014;43,04;48,51;48,73;42,1
27.03.2014;41,2;40,32;42,51;39,85
28.03.2014;39,23;40,14;41,14;38,18
31.03.2014;38,84;39,71;41,48;37,53
01.04.2014;37,52;38,97;40,72;36,87
02.04.2014;39,47;38,71;39,94;37,87
03.04.2014;37,5;39,2;39,66;37,42
04.04.2014;35,02;36,68;37,72;33,72
07.04.2014;41,04;33,93;41,91;33,48
08.04.2014;37,79;40,6;41,07;37,29
09.04.2014;39,96;36,95;41,12;36,94
10.04.2014;36,69;39,92;41,25;36,63
11.04.2014;38,13;37,03;39,99;36,5
14.04.2014;41,99;37,6;43,56;36,49
15.04.2014;45,09;41,64;45,48;40,97
16.04.2014;40,98;45,29;46,44;40,15
17.04.2014;37,42;40,99;41,66;37,13
18.04.2014;34,41;37,01;37,67;32,88
21.04.2014;37,51;34,52;37,6;34,14
22.04.2014;37,31;37,39;39,34;36,71
23.04.2014;38,46;37,54;38,6;37,26
24.04.2014;44,69;37,78;44,85;37,51
25.04.2014;45,68;44,99;48,55;43,82
28.04.2014;42,68;45,81;49,11;42,5
29.04.2014;40,83;42,99;43,44;38,82
30.04.2014;41,35;41,04;43,87;37,97
02.05.2014;42,35;41,1;43,72;40,79
05.05.2014;43,25;42,42;43,91;42,26
06.05.2014;39,5;43,26;43,78;39,27
07.05.2014;35,36;39,61;40,24;33,84
08.05.2014;35,8;35,26;42,39;34,1
12.05.2014;35,33;36,37;38,57;33,49
13.05.2014;31,71;35,69;36,19;31,11
14.05.2014;30,5;32,19;32,39;30,25
15.05.2014;29,04;30,77;31,12;28,26
16.05.2014;29,23;28,4;30,33;28,02
19.05.2014;28,94;29;31,79;28,24
20.05.2014;28,33;28,71;30,42;27,85
21.05.2014;29,55;28,52;29,65;28,44
22.05.2014;28,77;29,22;30;28,61
23.05.2014;28,35;28,62;29,64;27,98
26.05.2014;27,87;28,49;29,95;27,16
27.05.2014;28,98;27,95;29,78;27,7
28.05.2014;28,56;28,9;29,84;28,21
29.05.2014;28,51;28,36;29,16;27,59
30.05.2014;27,81;28,39;28,82;27,52
02.06.2014;26,97;28,1;30,53;26,18
03.06.2014;26,96;26,84;28,71;26,68
04.06.2014;26,78;26,94;28,48;26,5
05.06.2014;26,86;26,56;27,22;25,85
06.06.2014;28,16;26,78;28,23;26,47
09.06.2014;26,82;26,67;29,3;24,62
10.06.2014;27,49;28,95;30,38;27,05
11.06.2014;27,15;27,38;28,05;26,47
13.06.2014;28,27;27,02;29,95;26,7
16.06.2014;29,53;28,08;30,65;28,07
17.06.2014;27,55;29,66;29,78;27,11
18.06.2014;27,3;27,03;28,3;26,7
19.06.2014;26,26;27,86;28,34;25,55
20.06.2014;27,75;26,98;28,48;26,94
23.06.2014;26,97;27,61;28,49;26,4
24.06.2014;25,97;26,62;27,65;25,77
25.06.2014;29,05;25,72;29,14;25,37
26.06.2014;28,73;27,55;29,53;26,94
27.06.2014;28,8;29,07;29,6;27,86
30.06.2014;30,31;28,12;30,64;27,78
01.07.2014;29,19;31,1;31,95;29,19
02.07.2014;29,23;28,89;29,68;27,14
03.07.2014;27,29;28,37;29,95;27,01
04.07.2014;30,46;28,37;30,46;27,17
07.07.2014;28,97;28,59;30,42;26,89
08.07.2014;29,25;29,12;30,11;25,65
09.07.2014;28,17;28,49;30,34;26,95
10.07.2014;28,86;28,44;31,3;27,66
11.07.2014;29,47;28,18;31,31;28,03
14.07.2014;29,7;29,18;31,05;28,29
15.07.2014;28,89;29,48;30,69;28,22
16.07.2014;28,2;29;29,66;27,61
17.07.2014;29,96;27,95;31,22;27,68
18.07.2014;32,06;29,99;35,19;29,27
21.07.2014;35,01;31,91;35,18;31,74
22.07.2014;33,52;35,45;35,98;32,58
23.07.2014;33,7;33,55;34,86;31,56
24.07.2014;34,98;33,74;35,84;33,65
25.07.2014;35,11;35,04;35,68;31,87
28.07.2014;37,81;37,11;38,31;35,42
29.07.2014;37,31;38,14;38,28;36,44
30.07.2014;35,77;37,39;38,53;34,1
31.07.2014;35,83;35,92;36,15;33,97
01.08.2014;36,43;36,57;37,77;35,96
04.08.2014;36,61;36,45;36,86;34,72
05.08.2014;36,62;36,48;37,12;35,37
06.08.2014;38,24;36,48;39,21;36,2
07.08.2014;38,87;38,14;39,37;37,85
08.08.2014;38,44;40,95;41,62;37,12
11.08.2014;36,64;39,09;39,4;35,26
12.08.2014;36,75;37,27;38,2;36,64
13.08.2014;34,93;36,52;37,65;34,1
14.08.2014;32,51;34,88;35,35;32,37
15.08.2014;31,62;32,35;33,66;31,16
18.08.2014;32,06;30,75;34,74;30,69
19.08.2014;32,08;31,87;32,79;31,43
20.08.2014;32,74;32,17;33,19;31,84
21.08.2014;30,77;32,58;32,95;30,46
22.08.2014;32,19;30,68;32,69;29,98
25.08.2014;31,89;32,53;33;31,71
26.08.2014;32,38;31,57;32,74;31,45
27.08.2014;31,82;32,27;32,44;31,1
28.08.2014;33,83;31,85;34,6;31,67
29.08.2014;35,02;33,65;35,18;33,16
01.09.2014;36,05;34,71;36,87;34,68
02.09.2014;36,21;36,02;36,89;35,87
03.09.2014;32,13;35,88;36,24;31,88
04.09.2014;32,52;31,97;33,44;31,64
05.09.2014;32,4;32,5;33,39;30,75
08.09.2014;31,5;32,43;34,7;30,92
09.09.2014;30,63;32,08;33,46;29,73
10.09.2014;32,24;31,07;32,62;30,84
11.09.2014;32,26;32,37;33,75;31,58
12.09.2014;34,03;34,86;35,63;32,06
15.09.2014;30,71;33,95;34,87;30,2
16.09.2014;30,22;30,91;31;29,34
17.09.2014;30,76;30,51;31,58;28,51
18.09.2014;31,63;31,1;32,16;30,68
19.09.2014;31,91;31,63;33,51;29,51
22.09.2014;32,54;31,98;33,72;31,82
23.09.2014;31,34;31,74;32,61;31,28
24.09.2014;28,85;30,65;32,33;28,25
25.09.2014;30,29;28,8;30,46;28,34
26.09.2014;31;30,39;31,81;29,72
29.09.2014;31,64;31,07;36,07;29,43
30.09.2014;31,4;30,98;32,27;29,76
01.10.2014;32,62;30,98;33,14;30,72
02.10.2014;31,84;32;34,71;31,55
03.10.2014;31,74;31,95;33,47;30,68
06.10.2014;31,67;31,3;34,96;30,89
07.10.2014;32,03;32,02;32,79;31,13
08.10.2014;31,88;31,87;33,41;30,43
09.10.2014;30,64;32,07;33,06;29,51
10.10.2014;33,63;30,01;37,09;29,89
13.10.2014;31,57;33,38;35,16;30,47
14.10.2014;32,91;31,36;33,32;30,31
15.10.2014;33,17;32,34;34,85;31,29
16.10.2014;33,87;33,35;35,12;31,17
17.10.2014;33,04;34,07;35,4;32,84
20.10.2014;34,42;33,33;35,16;31,17
21.10.2014;33,25;34,71;35,28;33,04
22.10.2014;33,75;33,14;34,56;32,49
23.10.2014;33,71;33,71;35,32;33,09
24.10.2014;34,59;34,12;34,76;33,56
27.10.2014;34,15;34,51;35,15;33,41
28.10.2014;35,85;34,24;36,07;34,13
29.10.2014;35,43;35,85;36,22;35,08
30.10.2014;32,61;35,61;36,09;31,51
31.10.2014;31,91;33,66;34,89;31,82
03.11.2014;32,71;31,83;33,48;31,52
05.11.2014;35,71;33,04;36,01;32,85
06.11.2014;40,91;35,89;41,41;35,25
07.11.2014;40,7;41,1;42,52;37,92
10.11.2014;37,99;37,4;39,78;35,31
11.11.2014;39,55;41,38;42,44;39,25
12.11.2014;38,13;38,77;40,25;37,75
13.11.2014;40,89;38,6;41,69;37,16
14.11.2014;38,03;41,05;42,15;37,5
17.11.2014;38,56;38,3;40,68;37,21
18.11.2014;36,75;38,82;38,83;35,46
19.11.2014;36,87;36,74;37,95;36,12
20.11.2014;35,35;36,94;37,02;35,15
21.11.2014;34,24;35,5;35,89;33,74
24.11.2014;32,72;33,89;34,48;31,43
25.11.2014;34,32;31,93;34,68;31,93
26.11.2014;35,44;33,97;36,06;33,79
27.11.2014;37,47;35,61;38,26;34,93
28.11.2014;37,62;37,43;39,3;35,82
01.12.2014;43;37,72;43,68;37,11
02.12.2014;43,1;43,64;44,14;41
03.12.2014;42,21;43,85;44,9;40,55
04.12.2014;42,35;41,83;44,12;39,76
05.12.2014;43,49;42,28;45,52;41,09
08.12.2014;44,19;37,68;45,92;36,45
09.12.2014;55,49;46,55;60,56;45,87
10.12.2014;49,23;52,33;53,79;45,25
11.12.2014;49,86;50,68;54,15;48,23
12.12.2014;56,5;49,61;57,11;49,42
15.12.2014;74,54;55,92;75,16;55,84
16.12.2014;112,08;72,57;121,41;68,95
17.12.2014;96,77;107,11;115,14;84,25
18.12.2014;82,97;96,21;97,59;80,55
19.12.2014;74,73;83,62;90,28;74,31
22.12.2014;60,99;73,45;73,69;57,08
23.12.2014;59,83;57,99;66,02;57,64
24.12.2014;64,73;61,74;65,03;61,74
25.12.2014;58,99;62,75;62,9;56,16
26.12.2014;57,32;56,16;59,12;54,97
29.12.2014;62,61;58,69;64,88;58,18
30.12.2014;66,2;61,06;69,94;61
05.01.2015;74,3;67,19;78,67;64,92
06.01.2015;72,64;72,58;77,12;71,93
08.01.2015;68,13;67,01;76,22;62,72
09.01.2015;67,23;64,18;73,26;61,37
12.01.2015;67,29;68,01;73,69;65,69
13.01.2015;69,93;66,44;71,15;64,26
14.01.2015;69,56;70,01;74,83;68,72
15.01.2015;65,47;69,75;72,2;65,29
16.01.2015;59,79;65,67;66,1;59,65
19.01.2015;59,92;60,38;63,55;57,72
20.01.2015;59,71;61,11;61,41;58,77
21.01.2015;56,09;60,41;60,65;55,39
22.01.2015;53,63;56,4;58,01;53,48
23.01.2015;53,77;54,57;55,22;49,49
26.01.2015;61,96;53,43;62,26;52,87
27.01.2015;59,74;61,58;68,69;59,67
28.01.2015;61,65;59,92;62,54;58,11
29.01.2015;60,37;62;63,23;60,34
30.01.2015;63,37;61,23;64,56;60,32
02.02.2015;62,28;64,14;66,1;61,93
03.02.2015;56,69;62,31;64,65;56,32
04.02.2015;59,47;57,84;59,73;55,46
05.02.2015;58,11;58,41;62,17;55,24
06.02.2015;56,19;58,07;59,97;54,54
09.02.2015;54,36;52,08;60,15;45,32
10.02.2015;58,01;53,35;60,69;53,25
11.02.2015;60,02;55,99;60,65;54,38
12.02.2015;60,38;64,21;66,94;54,54
13.02.2015;55,58;60,29;60,31;54,79
16.02.2015;55,93;55,48;58,08;55,11
17.02.2015;54,16;55,74;56,24;52,82
18.02.2015;53,16;55,56;56,07;52,9
19.02.2015;54,59;52,6;54,91;52,46
20.02.2015;51,33;52,28;53,12;51,17
24.02.2015;53,36;51,46;54,37;49,86
25.02.2015;52,27;53,14;53,87;52,17
26.02.2015;50,96;51,08;51,52;49,73
27.02.2015;49,6;51,38;51,5;48,94
02.03.2015;51,39;50,32;53,48;50,31
03.03.2015;51,26;51,25;53,13;51,17
04.03.2015;50,09;51,38;52,31;48,02
05.03.2015;47,65;48,96;51,41;47,25
06.03.2015;44,46;47,98;49,4;44,45
10.03.2015;44,42;40,13;47,58;40,09
11.03.2015;50,37;45,94;53,25;45,82
12.03.2015;50,2;51,16;54,26;49,52
13.03.2015;51,09;49,4;53,47;48,52
16.03.2015;51,15;50,91;56,69;50,05
17.03.2015;44,96;51,02;51,29;43,41
18.03.2015;42,96;44,79;47,14;42,6
19.03.2015;42,05;42,92;46,1;41,94
20.03.2015;42,8;42,24;43,21;41,18
23.03.2015;44,83;42,9;46,18;42,48
24.03.2015;44,03;44,45;45,57;42,65
25.03.2015;42,64;41,95;42,81;40,1
26.03.2015;43,08;41,65;43,48;39,6
27.03.2015;43,25;42,96;43,99;42,08
30.03.2015;43,98;43,68;45,7;43,04
31.03.2015;43,49;43,11;44,13;42,21
01.04.2015;41,2;41,97;42,78;38,79
02.04.2015;39,44;41,54;42,91;39,31
03.04.2015;41,54;39,48;41,91;38,5
06.04.2015;40,36;38,61;45,62;37,89
07.04.2015;40,67;39,9;41,92;38,67
08.04.2015;36,73;41,4;41,53;36,05
09.04.2015;39,16;35,83;39,99;35,8
10.04.2015;38,43;39,39;41,22;34,65
13.04.2015;40,1;38,23;41,26;37,88
14.04.2015;40,21;40,39;41,16;38,91
15.04.2015;37,49;39,59;40,47;35,49
16.04.2015;35,9;37,52;38,78;35
17.04.2015;37,14;35,14;37,42;34,08
20.04.2015;38,37;36,95;39,66;35,11
21.04.2015;38,19;38,24;38,99;37,13
22.04.2015;37,77;37,88;38,94;37,38
23.04.2015;36,09;37,7;38,56;35,86
24.04.2015;35,67;36,15;37,27;35,62
27.04.2015;36,62;35,91;37,73;35,21
28.04.2015;35,77;36,59;38,88;35,77
29.04.2015;35,61;35,88;37,49;35,42
30.04.2015;35,6;35,88;38,62;35,08
05.05.2015;35,75;35,41;37,8;34,25
06.05.2015;36,34;35,62;36,34;33,85
07.05.2015;36,1;36,51;37,79;35,54
08.05.2015;35,34;34,85;35,8;32,58
12.05.2015;37,23;40,2;41,17;37,23
13.05.2015;32,96;35,76;36,28;32,85
14.05.2015;33,98;32,89;35,5;32,17
15.05.2015;30,77;34,12;34,4;30,49
18.05.2015;31,92;30,86;32,41;30,34
19.05.2015;33,99;31,79;34,31;31,64
20.05.2015;34,36;33,92;35,34;33,41
21.05.2015;33,51;34,41;35,16;33,04
22.05.2015;33,51;33,17;33,8;32,44
25.05.2015;33,71;33,46;34,51;32,47
26.05.2015;33,59;33,36;33,76;31,53
27.05.2015;35,34;33,66;35,83;32,94
28.05.2015;36,2;35,73;36,64;35,27
29.05.2015;36,12;36,61;37,27;35,28
01.06.2015;38,62;36,47;39,09;35,54
02.06.2015;38,34;39,41;40,22;38,01
03.06.2015;39,66;37,97;39,89;36,88
04.06.2015;41,37;39,2;42,36;39,2
05.06.2015;42,38;41,34;43,52;41,16
08.06.2015;37,56;42,92;44,66;34,49
09.06.2015;36,66;37,85;39,58;35,6
10.06.2015;35,8;37,61;39,02;35,55
11.06.2015;35,58;36,46;37,4;34,82
15.06.2015;36,55;35,21;39,05;33,81
16.06.2015;36,51;36,49;38,66;34,5
17.06.2015;35,23;36,5;36,9;34,76
18.06.2015;35,4;35,36;36;34,27
19.06.2015;33,59;35,08;35,19;33,43
22.06.2015;34,71;33,58;34,96;32,81
23.06.2015;34,05;34,11;34,66;32,68
24.06.2015;32,67;33,29;34,37;31,65
25.06.2015;32,62;32,02;33,07;31,43
26.06.2015;32,51;32,68;34,19;32,34
29.06.2015;35,59;32,64;36,99;31,75
30.06.2015;35,25;34,86;37,55;34,83
01.07.2015;34,22;34,77;34,98;32,83
02.07.2015;34,24;35,09;36,11;34,04
03.07.2015;35,55;34,01;36,04;33,65
06.07.2015;35,37;35,56;36,73;34,82
07.07.2015;37,47;36,16;38,66;35,46
08.07.2015;40,25;38,38;40,83;34,74
09.07.2015;38,29;39,62;40,24;36
10.07.2015;36,11;37,84;39,93;34,9
13.07.2015;36,84;36,37;38,45;35,16
14.07.2015;36,01;37,06;38,21;35,57
15.07.2015;32,49;35,53;35,83;32,32
16.07.2015;28,51;32,69;34,3;28,38
17.07.2015;28,7;28,58;29,88;27,93
20.07.2015;30,65;28,95;31,89;28,43
21.07.2015;29,68;31;31,13;29,11
22.07.2015;28,39;29,88;30,25;28,33
23.07.2015;28,45;28,72;29,13;27,2
24.07.2015;32,23;28,16;32,63;26,88
27.07.2015;34,33;32,57;34,67;31,74
28.07.2015;34,17;34,51;35,7;33,65
29.07.2015;31,97;34,48;35,37;31,46
30.07.2015;32,08;32,31;34,12;29,84
31.07.2015;32,96;31,79;34,9;31,62
03.08.2015;36,18;33,15;37,17;32,93
04.08.2015;36,42;36,1;39,58;35,56
05.08.2015;35,8;36,09;37,35;35,59
06.08.2015;37,21;35,44;37,6;35,12
07.08.2015;34,86;37,34;37,45;34,3
10.08.2015;35,74;34,69;38,18;32,29
11.08.2015;36,15;37,25;37,52;35,03
12.08.2015;35,18;35,55;39,93;35,09
13.08.2015;35,61;35,51;36,8;34,9
14.08.2015;35,31;35,06;36,34;34,15
17.08.2015;35,71;35,69;37,65;34,21
18.08.2015;37,16;35,68;38,69;35,48
19.08.2015;37,76;37,34;38,26;35,32
20.08.2015;37,94;37,72;39,22;37,07
21.08.2015;40,29;38;40,37;36,62
24.08.2015;47,74;40,54;51,69;40,05
25.08.2015;44,47;47,11;47,64;40,7
26.08.2015;44,7;44,69;46,42;44,14
27.08.2015;42,06;45,13;45,56;39,46
28.08.2015;40,07;41,61;42,05;36,66
31.08.2015;40,17;40,07;43,06;39,39
01.09.2015;43,28;39,86;43,54;38,5
02.09.2015;42,93;43,48;44,49;41,72
03.09.2015;44,54;42,87;45,44;42,42
04.09.2015;43,93;44,1;44,52;42,04
07.09.2015;43,81;43,56;45,29;42,58
08.09.2015;43,25;44,68;46,92;42,79
09.09.2015;41,3;44,62;46,53;41,14
10.09.2015;43,21;41,1;43,43;40
11.09.2015;39,7;42,61;42,84;39
14.09.2015;41,03;39,75;42,53;39,57
15.09.2015;40,42;41,01;42,05;39,29
16.09.2015;37,6;40,27;40,66;36,38
17.09.2015;38,72;37,31;38,77;37,04
18.09.2015;36,19;38,62;39,02;34,27
21.09.2015;39,06;35,63;39,26;35,25
22.09.2015;37,83;39,54;39,85;36,39
23.09.2015;37,5;37,71;38,9;36,98
24.09.2015;38,7;37,09;41,03;37,09
25.09.2015;39,24;39,97;40,86;38,4
28.09.2015;39,26;37,87;39,84;37,6
29.09.2015;39,37;38,36;41,05;38,36
30.09.2015;37,87;38;40,03;37,36
01.10.2015;37,16;38,55;40,62;36,7
02.10.2015;38,47;37,36;40,52;36,92
05.10.2015;38,16;39,24;43,04;36,95
06.10.2015;35,67;38,17;39,72;35,11
07.10.2015;35,77;35,59;37,84;34,82
08.10.2015;33,47;34,47;40,99;32,13
09.10.2015;35,3;36,47;37,96;32,46
12.10.2015;33,67;34,86;38,33;32,77
13.10.2015;37,66;34,17;38,58;33,75
14.10.2015;37,37;37,07;40,11;36,09
15.10.2015;35,82;36,81;38,1;35,2
16.10.2015;34,05;35,85;38,61;33,06
19.10.2015;34,17;33,9;35,56;33,68
20.10.2015;33,05;34,05;34,81;32,89
21.10.2015;36,34;33,06;37,27;32,65
22.10.2015;34,28;36,61;37,91;33,23
23.10.2015;32,61;34,32;34,51;31,38
26.10.2015;36,61;32,6;37,85;31,9
27.10.2015;37,21;36,72;37,58;36,03
28.10.2015;37,29;36,87;37,92;36,23
29.10.2015;36,55;37,26;37,92;36
30.10.2015;36,4;36,75;37,06;35,32
02.11.2015;37,15;36,42;37,97;36,14
03.11.2015;35,08;37,16;37,43;34,3
05.11.2015;33,96;35,19;35,66;33,58
06.11.2015;37,26;34,16;37,75;33,8
09.11.2015;36,6;36,01;37,27;33,84
10.11.2015;35,38;35,37;36,92;33,95
11.11.2015;35,92;37;37,74;34,45
12.11.2015;36,89;36,22;37,31;35,92
13.11.2015;37,95;37,13;39,05;35,98
16.11.2015;36,17;37,57;39,2;35,72
17.11.2015;34,61;35,86;37,86;34,33
18.11.2015;34,22;35,11;35,34;33,17
19.11.2015;34,96;34,16;35,94;33,07
20.11.2015;34,84;34,78;35,27;33,59
23.11.2015;36,01;34,37;36,21;33,75
24.11.2015;37,09;36,07;39,21;35,59
25.11.2015;36,12;36,84;36,88;35,2
26.11.2015;35,06;36,04;37,05;34,57
27.11.2015;37,67;35,35;38,16;34,69
30.11.2015;38,23;37,41;38,37;36,92
01.12.2015;37,41;37,56;38,05;36,65
02.12.2015;36,59;37,13;38,39;36,29
03.12.2015;36,13;36,92;37,71;36,02
04.12.2015;40,03;35,91;40,46;35,22
07.12.2015;39,72;39,61;41,22;38,81
08.12.2015;44,3;46,05;46,83;40,02
09.12.2015;34,56;38,08;38,39;33,23
10.12.2015;36,84;39,71;39,97;36,27
11.12.2015;34,35;31,66;35,58;30,61
14.12.2015;38,86;36,51;40,03;33,59
15.12.2015;32,6;38,37;40,55;32,49
16.12.2015;36,47;33,74;37,45;33,1
17.12.2015;30,98;35,78;38,02;30,92
18.12.2015;32,02;31,59;34,12;29,74
21.12.2015;33,09;31,34;34,61;30,28
22.12.2015;31,88;33,13;33,85;31,56
23.12.2015;30,93;32,19;32,75;29,5
24.12.2015;31,29;30,87;32,97;30,44
25.12.2015;30,46;31,08;31,76;29,92
28.12.2015;36,63;30,68;37,75;30,68
29.12.2015;34,68;37,12;38,75;34,68
30.12.2015;36,23;34,1;36,97;33,51
04.01.2016;39,58;37,36;40,23;36,95
05.01.2016;39,49;38,38;39,86;37,82
06.01.2016;38,75;38,82;40,41;38,25
11.01.2016;44,12;38,18;48,96;38,07
12.01.2016;44,42;44,47;46,11;43,3
13.01.2016;45,21;44,53;45,55;42,98
14.01.2016;43,84;44,86;45,16;42,35
15.01.2016;49,79;45,05;52,43;42,59
18.01.2016;51,39;52,96;56,32;49,75
19.01.2016;48,14;49,64;50,64;43,96
20.01.2016;49,85;48,15;50,71;46,85
21.01.2016;49,97;50,34;55,57;48,56
22.01.2016;46,29;50,83;51,38;43,98
25.01.2016;44,29;46,35;48,48;43,82
26.01.2016;45,12;44,09;48,54;43,55
27.01.2016;44,89;44,59;45,87;43,41
28.01.2016;41,64;45,22;45,57;41,11
29.01.2016;41,2;42,1;43,81;40
01.02.2016;40,79;41,18;42,33;39,96
02.02.2016;45,36;41,32;45,96;39,78
03.02.2016;45,87;44,78;46,19;43,63
04.02.2016;42,79;45,26;45,33;39,02
05.02.2016;42,09;41,99;43,42;41,36
08.02.2016;46,86;42,2;47,29;41,5
09.02.2016;47,51;47,17;48,79;46,31
10.02.2016;47,6;47,79;48,91;46,11
11.02.2016;48,13;47,18;49,03;45,31
12.02.2016;47,39;47,48;49,08;46,19
15.02.2016;46,81;46,83;49,16;45,39
16.02.2016;45,31;45,93;47,26;41,64
17.02.2016;43,18;45,21;46,16;42,01
18.02.2016;43,22;42,04;43,94;41,54
19.02.2016;41,84;43,26;43,26;41,49
20.02.2016;41,78;41,96;42,84;41,11
22.02.2016;43,3;41,52;44,62;41,11
24.02.2016;43,12;43,36;44,44;42,35
25.02.2016;44,86;43,26;46,08;43,1
26.02.2016;44,17;44,18;44,78;42,29
29.02.2016;43,25;44,06;45,26;43,19
01.03.2016;41,06;43,53;43,62;40,32
02.03.2016;41,42;40,96;42,69;40,72
03.03.2016;41,75;41,67;42,89;40,69
04.03.2016;41,27;42,16;43,37;41,16
07.03.2016;41,9;40,7;41,9;37,84
09.03.2016;43,76;43,65;46,72;41,66
10.03.2016;39,56;43,16;44,24;38,71
11.03.2016;40,97;40,83;43,82;38,89
14.03.2016;41,42;42,84;45,35;40,15
15.03.2016;39,08;41,08;41,59;38,48
16.03.2016;35,68;39,4;40,3;34,97
17.03.2016;36,19;37,31;37,7;33,95
18.03.2016;34,9;36,21;37,29;34,56
21.03.2016;33,96;34,81;37,47;33,61
22.03.2016;34,42;33,79;35,64;33,41
23.03.2016;35,8;34,58;36,47;33,61
24.03.2016;35,62;36,11;37,83;35,23
25.03.2016;36,16;35,94;36,87;35,25
28.03.2016;36,79;35,94;37,6;34,84
29.03.2016;35,66;36,41;36,93;35,04
30.03.2016;35,32;35,95;38,16;33,94
31.03.2016;34,39;36,05;37,79;33,84
01.04.2016;40,14;35,52;41,76;35,48
04.04.2016;37,2;36,35;39,4;35,61
05.04.2016;35,25;36,6;37,21;35,15
06.04.2016;35,59;36,58;38,3;35,48
07.04.2016;38,46;36,13;38,46;35,29
08.04.2016;32,37;37,12;37,81;31,41
11.04.2016;36,06;33,19;36,94;32,34
12.04.2016;36,37;35,6;37,7;35,54
13.04.2016;35,18;36,36;38,14;34,44
14.04.2016;36,13;36,09;38,15;34,72
15.04.2016;37,23;36,28;37,85;35,68
18.04.2016;35,75;36,79;38,54;34,65
19.04.2016;34,91;35,99;36,76;33,73
20.04.2016;34,94;34,85;36,65;32,73
21.04.2016;34,72;34,98;37,03;34,36
22.04.2016;32,27;34,83;35,17;31,78
25.04.2016;32,73;32,38;34,08;32,16
26.04.2016;32,72;32,67;34,57;32,13
27.04.2016;34,27;33,07;34,65;32,42
28.04.2016;34,19;34,07;34,53;31,79
29.04.2016;35,33;34,12;35,71;33,69
04.05.2016;36,75;35,56;37,61;34,73
05.05.2016;35,05;36,84;37,65;34,28
06.05.2016;35,69;35,31;37,31;35,12
10.05.2016;37;35,88;37,77;35,54
11.05.2016;33,95;36,53;36,97;33,8
12.05.2016;34,63;32,49;34,63;31,25
13.05.2016;34,39;35,19;35,86;33
16.05.2016;33,77;34,22;35,39;33,54
17.05.2016;34,05;33,67;36,77;33,24
18.05.2016;34;34,07;35,7;33,41
19.05.2016;35,29;33,99;37,52;33,93
20.05.2016;35,09;35,23;36,13;34,68
23.05.2016;34,63;34,74;35,98;34,14
24.05.2016;34,8;34,65;35,35;34,48
25.05.2016;35,14;34,6;35,39;33,78
26.05.2016;34,03;34,67;34,89;32,88
27.05.2016;33,46;33,85;34,56;33,17
30.05.2016;32,87;33,18;34,35;32,38
31.05.2016;33,63;32,62;33,73;32,04
01.06.2016;34,34;33,61;34,37;32,49
02.06.2016;34,4;34,45;35,01;34,35
03.06.2016;33,19;34,59;34,66;32,79
06.06.2016;32,49;33,13;33,15;31,99
07.06.2016;32,04;32,6;32,83;31,44
08.06.2016;32,8;31,63;32,89;31,02
09.06.2016;31,52;33,27;34,14;31,43
10.06.2016;34,86;32;35,22;31,24
14.06.2016;33,55;34,24;35,05;30,76
15.06.2016;34,89;33,75;35,29;32,77
16.06.2016;35,81;34,95;37,84;33,13
17.06.2016;33,29;36,24;36,37;32,79
20.06.2016;33,85;33,27;34,56;32,2
21.06.2016;34,3;34,02;36,79;33,45
22.06.2016;37,14;34,75;37,2;33,24
23.06.2016;36,07;37,37;38,51;35,71
24.06.2016;37,35;36,15;40,74;34,73
27.06.2016;36,29;36,78;37,58;34,7
28.06.2016;34,87;36,82;38,09;34,53
29.06.2016;34,64;35,01;35,99;34,32
30.06.2016;34,18;35,28;35,44;32,96
01.07.2016;33,64;34,42;35;32,79
04.07.2016;31,83;33,06;33,22;31,29
05.07.2016;34,46;31,65;34,73;31,56
06.07.2016;35,24;34,61;35,78;33,33
07.07.2016;34,04;34,93;34,95;31,5
08.07.2016;33,85;33,45;34,88;32,94
11.07.2016;32,16;32;33,74;31,71
12.07.2016;33,05;31,43;33,96;31,27
13.07.2016;33,23;33,01;34,8;32,79
14.07.2016;32,74;32,69;34,64;31,97
15.07.2016;32,93;32,34;33,31;30,96
18.07.2016;30,7;32,31;33,11;30,48
19.07.2016;31,42;31,25;32,12;30,49
20.07.2016;29,82;31,15;33,12;28,61
21.07.2016;27,88;29,59;30,05;27,79
22.07.2016;27,02;28,16;28,16;26,73
25.07.2016;26,35;26,96;28,13;26,24
26.07.2016;26,25;26,25;28,74;25,93
27.07.2016;26,94;26,11;27,09;25,47
28.07.2016;25,84;26,81;27,65;24,88
29.07.2016;24,97;25,51;28,14;24,72
01.08.2016;26,59;25,01;26,87;24,67
02.08.2016;30,06;26,49;30,18;26,49
03.08.2016;28,99;30,15;30,68;28,87
04.08.2016;26,1;28,54;28,6;25,96
05.08.2016;26,59;26,51;27,16;25,99
08.08.2016;28,6;26,57;28,86;26,23
09.08.2016;28,36;28,76;28,87;27,59
10.08.2016;28,26;28,33;29,36;28,17
11.08.2016;28,35;28;28,84;26,98
12.08.2016;28,5;28,15;28,61;26,21
15.08.2016;25,45;28,15;28,44;25,33
16.08.2016;26,21;25,49;27,15;25,03
17.08.2016;27,34;25,84;27,88;25,24
18.08.2016;26,07;27,29;27,29;25,06
19.08.2016;27,09;25,81;28,04;25,73
22.08.2016;28,1;26,71;29,36;26,55
23.08.2016;25,58;28,18;28,61;25,54
24.08.2016;28,57;26,02;28,57;25,14
25.08.2016;27,11;28,39;28,62;26,88
26.08.2016;25,57;26,81;27,97;24,87
29.08.2016;28,24;26,27;29,05;26,21
30.08.2016;28,26;28,12;28,29;26,15
31.08.2016;28,08;28,13;28,65;27,66
01.09.2016;27,01;28,08;28,17;26,96
02.09.2016;25,18;27,14;27,9;24,7
05.09.2016;24,27;25,06;25,35;24,13
06.09.2016;25,78;24,11;25,78;23,69
07.09.2016;26,22;25,56;26,84;25,23
08.09.2016;30,41;27,21;33,55;25,77
09.09.2016;26,27;28,47;30,29;26,25
12.09.2016;22,69;21,08;26,3;20,59
13.09.2016;27,34;25,92;27,89;25,5
14.09.2016;26,88;27,26;28,79;26,24
15.09.2016;28,03;27,14;29,64;26,46
16.09.2016;27,01;27,26;27,98;26,26
19.09.2016;25,99;27,08;27,19;25,51
20.09.2016;26,14;26,07;28,8;25,96
21.09.2016;25,45;26,24;26,72;24,02
22.09.2016;25,85;25,4;26,22;24,2
23.09.2016;24,83;25,99;26,05;24,63
26.09.2016;25,17;24,07;25,86;23,71
27.09.2016;25,54;25,14;26,04;24,83
28.09.2016;25,41;25,54;25,83;24,51
29.09.2016;26,42;24,91;27,5;24,71
30.09.2016;25,83;26,48;26,6;24,59
03.10.2016;27,76;25,51;27,97;25,12
04.10.2016;26,52;26,62;27,26;25,86
05.10.2016;27,22;26,23;27,47;25,31
06.10.2016;27,96;26,42;27,99;25,04
07.10.2016;26,04;26,76;26,84;25,63
10.10.2016;24,43;25,69;26,81;24,03
11.10.2016;26,18;24,09;26,18;23,83
12.10.2016;26,11;26,05;27,08;25,49
13.10.2016;23,93;25,49;26,06;23,68
14.10.2016;24,99;24,6;25,71;24,23
17.10.2016;24,75;24,75;25,78;22,86
18.10.2016;24,79;24,55;25,37;23,94
19.10.2016;25,87;24,8;26;24,42
20.10.2016;23,91;25,73;25,91;23,6
21.10.2016;23,2;24,46;24,68;22,85
24.10.2016;24,45;23,16;25;22,81
25.10.2016;24,04;24,21;24,83;23,44
26.10.2016;23,06;23,93;24,87;22,93
27.10.2016;23,45;23,04;23,91;22,44
28.10.2016;22,93;23,47;23,49;22,67
31.10.2016;24,09;23,08;24,19;22,45
01.11.2016;25,04;24,12;25,48;23,69
02.11.2016;25,45;24,97;25,6;24,25
03.11.2016;25,63;25,39;25,66;23,85
07.11.2016;27,48;25,43;27,88;25,32
08.11.2016;26,89;27,68;27,68;26,13
09.11.2016;26,48;26,86;29,68;24,98
10.11.2016;27,54;27,25;28,48;23,96
11.11.2016;29,31;27,73;29,65;26,81
14.11.2016;29,93;30,12;31,69;27,73
15.11.2016;28,31;30,4;31,02;27,75
16.11.2016;27,99;28,32;29,85;27,55
17.11.2016;26,72;28,26;28,48;26,11
18.11.2016;25,26;26,53;26,85;24,76
21.11.2016;24,48;24,98;26,06;24,38
22.11.2016;24,49;24,49;25,02;22,79
23.11.2016;25,19;24,37;25,81;23,32
24.11.2016;24,02;24,9;25,25;22,46
25.11.2016;25,01;24,01;25,01;23,81
28.11.2016;24,87;24,77;26,68;24,48
29.11.2016;26,84;25,34;26,93;24,21
30.11.2016;23,64;26,85;27,5;23,58
01.12.2016;25,09;23,41;25,79;23,27
02.12.2016;25,17;24,8;25,37;23,17
05.12.2016;23,49;25,31;25,78;23,28
06.12.2016;24,61;23,24;24,91;22,62
07.12.2016;23,76;24,24;24,83;23,45
08.12.2016;22,93;25,73;27,25;22,02
09.12.2016;20,53;20,55;24,25;19,7
12.12.2016;21,55;21,87;25,59;19,93
13.12.2016;25,67;23,08;26,4;21,97
14.12.2016;24,36;24,66;25,34;23,03
15.12.2016;23,18;25,06;25,42;21,56
16.12.2016;24,01;24,56;25,98;23,16
19.12.2016;22,44;23,53;25,01;22,42
20.12.2016;23,5;22,53;23,67;22,04
21.12.2016;23,34;23,7;24,63;23,29
22.12.2016;23,17;23,15;23,6;22,26
23.12.2016;23,1;23,15;24,51;21,8
26.12.2016;22,93;22,18;23,46;21,76
27.12.2016;24,32;22,74;24,37;22,31
28.12.2016;24,99;24,48;25,14;24,4
29.12.2016;25,71;24,49;25,79;24,37
30.12.2016;26,47;25,99;26,65;25,16
03.01.2017;26,18;26,23;27,95;24,87
04.01.2017;24,88;25,07;25,58;23,72
05.01.2017;25,17;25,53;26,55;24,82
06.01.2017;24,62;24,68;25,42;24,41
09.01.2017;25,59;24,13;26,27;23,47
10.01.2017;23,83;25,32;25,49;23,38
11.01.2017;25,2;23,42;25,82;21,04
12.01.2017;23,64;24,66;25,9;22,12
13.01.2017;24,79;23,38;25,67;22,1
16.01.2017;24,66;25,26;26,28;22,97
17.01.2017;24,5;25,05;25,2;23,77
18.01.2017;25,26;24,44;25,7;23,65
19.01.2017;24,65;25,29;26,01;24,46
20.01.2017;24,52;24,63;24,88;22,96
23.01.2017;23,41;24,31;24,97;23,29
24.01.2017;23,17;23,71;24,69;23,16
25.01.2017;22,1;23,09;23,63;22,1
26.01.2017;21,82;22,04;23,61;21,65
27.01.2017;24,57;22,07;24,57;20,33
30.01.2017;22,81;25,1;25,18;22,68
31.01.2017;23,57;22,69;24,12;22,57
01.02.2017;23,06;23,98;24,47;22,78
02.02.2017;22,65;22,42;23,2;21,67
03.02.2017;23,02;22,54;23,49;21,51
06.02.2017;23,04;22,96;24,39;22,29
07.02.2017;23,02;23,14;24,04;22,65
08.02.2017;25,45;23,06;26,13;22,61
09.02.2017;25,15;25,5;25,84;24,04
10.02.2017;23,23;25,32;25,61;23,12
13.02.2017;23,58;23,21;23,64;22,43
14.02.2017;23,37;23,53;23,71;22,48
15.02.2017;23,03;23,36;23,53;22,72
16.02.2017;22,29;23,06;23,14;21,51
17.02.2017;24,88;21,98;24,91;21,55
20.02.2017;24,69;24,73;25,66;24,32
21.02.2017;23,32;24,54;24,7;22,63
22.02.2017;24,8;23,49;25,08;22,56
24.02.2017;24,12;24,63;24,92;24,03
27.02.2017;24,36;25,56;25,56;23,6
28.02.2017;27,35;24,51;27,58;23,97
01.03.2017;26,07;27,23;27,46;25,43
02.03.2017;27,06;25,9;27,22;24,74
03.03.2017;26,58;26,4;27,04;26,04
06.03.2017;26,71;26,31;26,71;24,98
07.03.2017;26,17;24,33;27,01;24,32
09.03.2017;23,5;25,63;29,34;23,5
10.03.2017;28,26;28,71;28,82;26,19
13.03.2017;26,37;26,95;28,07;25,86
14.03.2017;28,27;27,43;29,38;26,11
15.03.2017;28,06;28,62;29,2;26,36
16.03.2017;25,11;27,1;27,25;22,54
17.03.2017;21,57;23,3;23,45;20,19
20.03.2017;22,85;23,46;24,63;20,98
21.03.2017;24,39;22,73;24,47;22,2
22.03.2017;23,83;23,96;26,13;23,35
23.03.2017;23,8;23,74;25,17;22,72
24.03.2017;23,14;23,58;24,29;22,6
27.03.2017;24,73;23,02;26,22;22,4
28.03.2017;23,08;24,37;24,94;22,75
29.03.2017;23,04;22,61;24,06;22,38
30.03.2017;23,5;23,17;23,71;22,71
31.03.2017;23,97;23,17;24,03;22,21
03.04.2017;23,53;24,07;24,1;22,44
04.04.2017;23,18;23,87;24,34;22,25
05.04.2017;23,62;23,22;23,99;22,82
06.04.2017;23,17;23,53;23,72;22,85
07.04.2017;23,46;23,31;24,16;21,72
10.04.2017;24,86;23,48;26,04;23,47
11.04.2017;24,79;24,8;26,33;24,64
12.04.2017;24,07;24,78;26,07;23,55
13.04.2017;24,09;24,04;26,87;23,31
14.04.2017;24,2;23,91;25,26;23,17
17.04.2017;24,51;23,98;26,12;23,4
18.04.2017;23,8;24,51;25,08;23,13
19.04.2017;25,43;24,06;26,23;23,45
20.04.2017;22,51;25,43;26,9;22,3
21.04.2017;23,26;22,53;24,05;22,4
24.04.2017;23,26;23,44;24,51;22,65
25.04.2017;22,22;23,37;23,96;22,04
26.04.2017;22,42;22,28;24,51;21,91
27.04.2017;24,19;22,68;24,61;22,59
28.04.2017;22,47;24,14;24,15;21,86
02.05.2017;22,89;22,61;23,3;21,01
03.05.2017;25,5;22,92;27,03;22,36
04.05.2017;24,81;25,55;25,78;24,68
05.05.2017;23,74;24,81;27,41;23,56
10.05.2017;24,07;23,63;25,23;23,47
11.05.2017;25,36;24,62;25,65;22,86
12.05.2017;23,43;25,09;25,35;23,21
15.05.2017;22,83;23,69;23,99;21,94
16.05.2017;23,71;22,89;23,88;21,91
17.05.2017;24,46;23,7;25,08;23,57
18.05.2017;24;23,92;25,19;23,36
19.05.2017;23,21;24,01;24,54;23,06
22.05.2017;23,8;23,3;24,42;22,34
23.05.2017;24,73;23,45;24,82;23,28
24.05.2017;23,94;24,29;24,64;23,61
25.05.2017;24,05;23,78;24,83;23,75
26.05.2017;23,38;23,71;24,51;23,23
29.05.2017;24,09;22,93;24,32;22,66
30.05.2017;23,59;23,48;23,84;23,32
31.05.2017;25,93;23,52;26,09;23,52
01.06.2017;26,2;25,8;26,41;24,81
02.06.2017;25,23;25,55;26,42;25,15
05.06.2017;25,93;25,26;26,29;25,25
06.06.2017;25,63;25,76;26,38;25,51
07.06.2017;26;25,41;26,21;24,96
08.06.2017;27,25;29,37;30,92;27,19
09.06.2017;24,69;26,99;28,22;24,69
13.06.2017;25,27;25,88;27,18;24,46
14.06.2017;27,02;24,93;27,82;24,12
15.06.2017;24,47;26,43;29,83;24,32
16.06.2017;24,79;25,05;25,69;22,77
19.06.2017;24,53;24,75;25,72;24,3
20.06.2017;26,91;24,65;27,47;23,61
21.06.2017;27,45;26,91;28,34;26,01
22.06.2017;26,16;27,2;27,58;26,07
23.06.2017;23,22;26,11;26,54;23,1
26.06.2017;22,56;22,96;23,44;22,07
27.06.2017;23,11;22,01;23,5;21,85
28.06.2017;23,07;22,82;23,86;21,4
29.06.2017;22,48;22,53;23,92;22,33
30.06.2017;22,55;21,72;22,67;21,29
03.07.2017;23,2;22,27;24,07;22,06
04.07.2017;23,27;22,63;23,82;22,57
05.07.2017;23,32;23,22;23,49;21,92
06.07.2017;23,24;22,76;23,54;22
07.07.2017;22,93;23,13;23,83;21,69
10.07.2017;23,8;22,38;24,26;22,05
11.07.2017;23,05;23,72;23,93;22,15
12.07.2017;22,34;23,3;24,28;21,84
13.07.2017;21,51;22,28;22,28;20,25
14.07.2017;21,54;20,85;21,91;18,89
17.07.2017;20,54;20,95;22,15;20,23
18.07.2017;20,75;20,81;22,62;20,42
19.07.2017;21,9;20,8;22,11;20,01
20.07.2017;21,05;21,88;22,8;20,84
21.07.2017;19,22;21,22;21,72;18,79
24.07.2017;21,61;18,97;23,07;18,7
25.07.2017;21,3;21,24;22,86;20,73
26.07.2017;19,7;21,43;21,6;19,51
27.07.2017;19,73;19,63;20,3;19,06
28.07.2017;21,35;19,58;22,45;18,38
31.07.2017;22,64;21,37;25,45;20,95
01.08.2017;22,53;22,96;23,15;20,33
02.08.2017;20,09;22,33;22,88;19,91
03.08.2017;20,26;20,33;21,17;19,82
04.08.2017;20,17;20,31;20,77;19,66
07.08.2017;21,23;20,15;21,65;19,5
08.08.2017;22,17;21,32;22,28;20,97
09.08.2017;20,61;22,14;22,29;20,52
10.08.2017;20,98;22,14;22,22;20,27
11.08.2017;21,59;20,88;23,5;20,06
14.08.2017;20,45;20,83;21,34;18,47
15.08.2017;18,74;20,82;20,87;17,88
16.08.2017;19,09;19,05;19,67;18,39
17.08.2017;19,63;18,93;19,85;18,31
18.08.2017;19,28;19,81;20,8;18,55
21.08.2017;19,71;19,94;20,9;19,24
22.08.2017;20,59;19,79;20,89;19,27
23.08.2017;20,93;20,58;20,93;20,07
24.08.2017;20,88;20,96;21,71;20,55
25.08.2017;20,19;20,86;21,69;20,19
28.08.2017;19,41;20,23;20,8;18,88
29.08.2017;19,82;19,2;21,98;18,79
30.08.2017;18,44;19,41;19,99;17,93
31.08.2017;19,8;18,24;20,61;18,02
01.09.2017;20,39;19,84;20,7;19,77
04.09.2017;20,27;20,17;20,82;19,77
05.09.2017;20,68;20,36;21,34;19,6
06.09.2017;20,12;20,68;20,69;19,58
07.09.2017;19,21;20,2;20,38;18,44
08.09.2017;19,05;19,5;19,65;17,39
11.09.2017;17,93;18,88;19,66;17,58
12.09.2017;18,31;17,99;18,95;17,8
13.09.2017;19,1;18,3;19,27;17,16
14.09.2017;18,15;19,84;21,12;17,93
15.09.2017;17,37;18,02;19,34;16,63
18.09.2017;18,93;17,77;19;16,54
19.09.2017;20,17;18,93;20,53;18,63
20.09.2017;18,44;20,11;20,34;18,13
21.09.2017;17,57;18,46;20,72;16,9
22.09.2017;17,08;17,37;18;16,62
25.09.2017;16,67;17,27;18,26;16,54
26.09.2017;17,1;16,88;18,38;16,58
27.09.2017;16,59;17,05;17,36;16,35
28.09.2017;16,27;16,3;17,15;15,92
29.09.2017;17,9;16,65;18,12;16,42
02.10.2017;17,07;17,46;18,28;16,67
03.10.2017;17,13;16,76;17,96;16,72
04.10.2017;16,85;16,37;17,18;16,24
05.10.2017;16,7;16,72;17,18;16,19
06.10.2017;15,64;17,38;17,5;15,51
09.10.2017;15,05;15,63;16,29;14,21
10.10.2017;14,93;15,35;15,65;14,56
11.10.2017;16,1;15,02;16,6;14,72
12.10.2017;15,7;15,36;16,44;15,13
13.10.2017;15,46;15,76;16,6;15,23
16.10.2017;15,63;15,57;16,1;14,71
17.10.2017;16,26;15,63;16,68;15,56
18.10.2017;16,71;16,07;16,93;15,8
19.10.2017;16,33;16,52;16,65;14,8
20.10.2017;15,62;15,79;16,49;14,5
23.10.2017;15,47;15,18;15,85;14,74
24.10.2017;15,16;15,42;15,67;14,57
25.10.2017;14,67;15,24;15,73;13,8
26.10.2017;14,97;15,25;16,52;14,76
27.10.2017;15,01;14,95;17,58;14,57
30.10.2017;14,57;14,97;15,85;14,16
31.10.2017;17,07;14,51;17,32;14,19
01.11.2017;14,92;16,66;16,89;14,74
02.11.2017;16,1;14,86;16,64;14,35
03.11.2017;17,17;16,08;17,73;14,39
07.11.2017;17,66;17,13;18,38;15,83
08.11.2017;18,42;17,2;18,75;17,16
09.11.2017;16,27;17,54;18,35;16,09
10.11.2017;16,82;16,41;18,58;15,65
13.11.2017;20,11;17,7;20,23;16,76
14.11.2017;19,03;19,52;19,95;18,22
15.11.2017;18,28;17,82;19,11;15,94
16.11.2017;18,81;19,42;21,47;17,33
17.11.2017;17,95;17,96;18,34;16,89
20.11.2017;17,75;17,68;18,58;17,45
21.11.2017;19,76;18,32;20,05;17,8
22.11.2017;19,47;19,66;20,37;19,1
23.11.2017;19,23;19,38;20,03;18,71
24.11.2017;19,17;19,26;19,99;17,92
27.11.2017;19,33;19,11;19,7;18,04
28.11.2017;19,59;19,29;20,56;19,13
29.11.2017;20,08;19,37;20,9;18,89
30.11.2017;17,83;19,98;20;17,62
01.12.2017;17,65;17,94;18,17;17,2
04.12.2017;18,81;17,48;21,23;16,85
05.12.2017;18,65;18,82;19,11;18,33
06.12.2017;18,15;18,56;18,78;17,92
07.12.2017;18,08;18,06;19,23;17,5
08.12.2017;18,13;17,84;18,79;16,54
11.12.2017;17,9;17,97;18,09;17
12.12.2017;18,35;18,36;19,19;18,08
13.12.2017;19,35;18,35;19,39;17,68
14.12.2017;18,88;19,97;20,59;18,82
15.12.2017;18,45;19,08;19,41;18,05
18.12.2017;18,37;18,67;19,08;17,18
19.12.2017;15,49;18,42;18,5;15,49
20.12.2017;15,54;15,87;16,07;15,07
21.12.2017;15,52;15,47;16,8;14,91
22.12.2017;16,24;15,62;16,75;15,33
25.12.2017;18,11;16,11;18,27;16,04
26.12.2017;17,18;17,04;17,45;16,54
27.12.2017;16,9;16,66;17,35;16,51
28.12.2017;16,17;16,21;17,49;16,17
29.12.2017;18,54;17,05;18,54;16,64
03.01.2018;17,95;16,66;18,02;15,83
04.01.2018;18,05;16,78;20,07;16,65
05.01.2018;16,77;17,96;18,85;16,69
09.01.2018;17,13;16,07;18,17;15,52
10.01.2018;17,5;17,16;17,57;16,24
11.01.2018;18,39;17,02;19,5;16,21
12.01.2018;16,27;18,45;19,39;16,04
15.01.2018;17,8;16,44;18,53;15,56
16.01.2018;18,35;17,7;21,56;17
17.01.2018;18,41;19,54;20,74;18,2
18.01.2018;18,46;18,34;19,01;16,64
19.01.2018;17,7;18,36;20,16;17
22.01.2018;18,78;17,12;18,95;17,12
23.01.2018;18,72;18,95;19,62;17,86
24.01.2018;18,89;19,01;19,41;18,3
25.01.2018;18,11;19,12;19,66;17,54
26.01.2018;19,54;18,03;19,97;17,59
29.01.2018;18,86;19,37;20,19;18,63
30.01.2018;18,74;18,75;19,58;18,47
31.01.2018;19,34;18,47;19,68;17,98
01.02.2018;19,75;19,1;20,31;18,88
02.02.2018;18,83;20,03;20,29;18,48
05.02.2018;19,51;18,64;21,35;17,97
06.02.2018;24,57;19,25;26,02;19,15
07.02.2018;22,48;24,56;25,05;21,87
08.02.2018;22,82;22,55;23,98;21,95
09.02.2018;24,34;21,89;27,01;21,89
12.02.2018;25,24;24,83;27,77;22,32
13.02.2018;23,03;24,81;25,61;22,45
14.02.2018;23,52;23,08;23,71;22,38
15.02.2018;23,31;23,4;24,2;21,5
16.02.2018;21,64;23,13;23,98;21,41
19.02.2018;22,25;21,68;24,25;21,08
20.02.2018;22,09;22,1;22,95;21,49
21.02.2018;21,38;21,51;21,74;20,3
22.02.2018;22,46;21,6;23;21,25
26.02.2018;21,42;22,37;22,83;19,55
27.02.2018;21,65;21,46;22,45;20,95
28.02.2018;22,91;21,77;23,47;21,55
01.03.2018;21,54;22,32;22,62;21,38
02.03.2018;23,91;21,41;25;21,08
05.03.2018;22,7;23,86;24,04;22,34
06.03.2018;21,53;21,96;22,99;21,39
07.03.2018;22,71;21,01;24,87;21,01
09.03.2018;21,59;22;25,04;20,65
12.03.2018;22,85;23,44;24,8;22,85
13.03.2018;22,23;21,56;22,94;21,23
14.03.2018;25,79;21,54;26,61;20,41
15.03.2018;26,09;25,39;26,64;24,53
16.03.2018;24,02;26,04;26,53;23,9
19.03.2018;23,44;24,8;25,07;23,08
20.03.2018;21,81;23,5;23,84;21,63
21.03.2018;20,35;21,6;22,39;20,28
22.03.2018;22,25;19,92;22,35;19,33
23.03.2018;21,57;22,15;22,95;20,83
26.03.2018;21,81;21,98;23,76;21,48
27.03.2018;22,79;21,9;23,12;21,73
28.03.2018;22,02;22,55;22,62;21,32
29.03.2018;21,72;20,78;21,96;20,78
30.03.2018;21,73;21,9;22,22;21,56
02.04.2018;21,29;21,06;22;20,81
03.04.2018;21,98;20,89;22,12;20,71
04.04.2018;21,36;21,74;21,9;20,22
05.04.2018;21,86;21,64;22,44;21,41
06.04.2018;21,4;21,67;22,2;20,45
09.04.2018;44,66;19,96;44,69;19,13
10.04.2018;43,96;39,56;47,31;39
11.04.2018;40,75;43,19;45,04;40,01
12.04.2018;37,24;45,57;46,29;36,53
13.04.2018;38,26;34,55;39,78;34,08
16.04.2018;37,88;38,42;41,7;37,54
17.04.2018;32,08;36,81;36,87;31,57
18.04.2018;31,44;32,53;33,16;30,53
19.04.2018;32,73;31,52;32,98;30,09
20.04.2018;31,85;32,39;34,2;30,85
23.04.2018;31,23;31,79;32,69;29,96
24.04.2018;30,45;31,6;31,97;29,02
25.04.2018;29,33;30,71;31,17;29,19
26.04.2018;27,91;29,33;29,33;27,5
27.04.2018;26,88;27,89;29,07;26,06
28.04.2018;28,71;26,94;29,2;26,81
30.04.2018;28,28;28,5;30,36;26,69
02.05.2018;26,91;28,59;29,34;26,62
03.05.2018;25,78;27,13;27,17;25,35
04.05.2018;26,96;25,36;27,08;25,36
07.05.2018;27,14;26,63;27,32;25,72
08.05.2018;26,81;27,05;27,28;26,16
10.05.2018;18,22;30,06;30,36;18,01
11.05.2018;21,57;20,69;22,73;19,37
14.05.2018;19,49;18,2;20,54;15,11
15.05.2018;22,68;23,78;24,08;21,37
16.05.2018;21;20,85;21,67;19,56
17.05.2018;21,53;20,96;22,2;20,75
18.05.2018;21,84;21,45;22,34;20,84
21.05.2018;21,86;23,39;23,46;21,02
22.05.2018;22,95;22,3;23,01;21,88
23.05.2018;21,19;22,94;23,24;20,7
24.05.2018;22,27;20,99;23,13;20,86
25.05.2018;23,27;22,33;24,62;21,87
28.05.2018;23,98;23,48;24,73;23,14
29.05.2018;25,68;23,75;26,07;23,56
30.05.2018;24,41;25,72;26,14;24,3
31.05.2018;24,36;23,92;24,8;23,43
01.06.2018;23,91;24,75;25,02;23,55
04.06.2018;23,73;23,7;24,99;23,52
05.06.2018;23,84;23,35;23,98;23,17
06.06.2018;23,17;23,57;24,38;23,16
07.06.2018;24,64;23,35;24,83;23,14
08.06.2018;26,59;25,34;26,69;24,87
09.06.2018;26,34;26,66;26,71;25,75
11.06.2018;26,15;26,12;26,91;25,63
13.06.2018;23,83;25,44;27,06;23,6
14.06.2018;14,68;10,86;15,96;10,48
15.06.2018;18,76;18,63;20,5;18,3
18.06.2018;20,37;16,76;22,54;16,66
19.06.2018;22,63;20,4;26,44;19,94
20.06.2018;24,39;22,47;24,57;22,08
21.06.2018;23,89;24,63;25,14;23,62
22.06.2018;25,36;23,69;27,03;23,16
25.06.2018;24,95;24,1;25,34;23,01
26.06.2018;24,72;24,16;24,95;23,33
27.06.2018;23,8;24,61;25,04;23,1
28.06.2018;23,42;23,79;25,87;23,25
29.06.2018;22,87;24,49;24,61;22,2
02.07.2018;22,73;21,7;23,48;21,64
03.07.2018;23,55;23,96;24,4;23,34
04.07.2018;22,25;22,52;23,06;22,2
05.07.2018;23,42;20,24;24,96;20,22
06.07.2018;22,97;23,09;24,05;22,9
09.07.2018;21,03;22,17;22,24;20,09
10.07.2018;21,86;20,42;22,03;20,18
11.07.2018;21,7;22;22,58;19,59
12.07.2018;21,98;22,45;24,37;21,04
13.07.2018;20,87;20,53;22,19;19,86
16.07.2018;22,15;21,02;23,68;20,45
17.07.2018;22,88;22,39;25,52;22,19
18.07.2018;23,6;22,81;24,67;21,94
19.07.2018;21,67;23,47;23,94;21,33
20.07.2018;23,08;21,48;23,7;21,32
23.07.2018;24,01;23,46;24,64;22,94
24.07.2018;24,13;23,79;24,62;23,33
25.07.2018;24,88;24,21;24,88;22,69
26.07.2018;24,45;24,72;24,96;24,06
27.07.2018;23,88;24,51;24,82;23,75
30.07.2018;23,83;23,97;24,84;23,21
31.07.2018;22,9;23,77;24,22;22,11
01.08.2018;23,28;22,78;23,67;22,13
02.08.2018;24,72;23,84;24,9;23,13
03.08.2018;23,94;24,55;24,71;23,53
06.08.2018;24,04;23,89;24,83;23,49
07.08.2018;24,21;24,02;24,62;23,58
08.08.2018;25,84;23,94;26,3;23,85
09.08.2018;26,55;24,67;28,65;24,62
10.08.2018;28,73;26,87;28,86;24,78
13.08.2018;28,64;28,12;30,84;26,59
14.08.2018;23,51;27,53;29,35;20,28
15.08.2018;31,61;27,35;32,55;26,17
16.08.2018;26,63;31,21;32,34;25,66
17.08.2018;28,72;26,87;30,66;26,24
20.08.2018;27,18;29,48;30,16;26,56
21.08.2018;26,61;26,69;29,15;25,48
22.08.2018;27,6;26,48;29,18;26,19
23.08.2018;28,96;27,35;30,64;26,84
24.08.2018;25,93;28,58;29,42;25,82
27.08.2018;25,15;25,46;25,95;24,28
28.08.2018;25,42;25,04;25,86;24,74
29.08.2018;26,11;25,65;26,61;25,65
30.08.2018;26,13;25,86;26,27;25,41
31.08.2018;25,95;26,75;27,55;25,66
03.09.2018;25,06;24,5;25,76;24,07
04.09.2018;26,25;25,68;26,39;25,19
05.09.2018;26,97;25,91;27,12;25,62
06.09.2018;29,46;27,15;29,49;25,98
07.09.2018;29,2;29,23;30,2;28,81
10.09.2018;30,82;29,39;31,23;29,36
11.09.2018;31,48;30,37;32,41;30,28
12.09.2018;28,04;30,41;30,95;27,58
13.09.2018;26,7;29,02;30,47;25,14
14.09.2018;26,15;25,99;26,35;24,29
17.09.2018;26,79;26,42;27,28;25,63
18.09.2018;26,98;26,59;28,24;26,49
19.09.2018;25,01;27,01;27,49;25,01
20.09.2018;24,58;25,16;25,81;23,55
21.09.2018;24,79;24,6;25,67;23,87
24.09.2018;25,92;25,1;26,78;24,62
25.09.2018;25,93;26,39;27,04;25,51
26.09.2018;27,24;26,09;27,24;25,93
27.09.2018;25,54;27,19;27,47;25,33
28.09.2018;24,68;25,04;25,83;24,15
01.10.2018;25,33;24,45;25,65;23,76
02.10.2018;26,17;25,57;26,78;25,22
03.10.2018;26,43;25,71;27,01;25,7
04.10.2018;28,55;27,1;28,55;26,18
05.10.2018;28,02;27,72;28,79;27,66
08.10.2018;29,59;28,44;30,02;27,82
09.10.2018;29,58;29,39;30,48;27,82
10.10.2018;30,49;28,76;30,69;28,49
11.10.2018;30,72;30,86;33,78;28,61
12.10.2018;27,29;29,23;29,8;26,36
15.10.2018;27,95;26,18;28,45;26,13
16.10.2018;25,89;27,71;28,35;25,75
17.10.2018;26,52;25,6;27,15;24,93
18.10.2018;27,32;26,33;27,93;26,22
19.10.2018;26,03;26,99;27,33;25,45
22.10.2018;28,99;26,28;31,51;25,18
23.10.2018;30,19;29,28;31,24;28,59
24.10.2018;27,82;30,75;30,83;27,55
25.10.2018;29,1;27,95;31,03;27,52
26.10.2018;31,41;28,95;31,49;28,3
29.10.2018;29,78;31,24;31,94;29,37
30.10.2018;30,13;30,21;31,33;30,07
31.10.2018;27,3;30,36;30,77;27,1
01.11.2018;26,57;27,24;28,27;26,33
02.11.2018;26,09;26,46;26,66;25,6
06.11.2018;27,21;25,96;27,3;25,46
07.11.2018;26,9;27,04;27,75;25,92
08.11.2018;28,7;27,71;29,29;26,51
09.11.2018;25,98;27,09;28,25;25,07
12.11.2018;27,08;25,66;27,31;23,12
13.11.2018;30,17;29,56;30,89;27,56
14.11.2018;27,81;31,28;31,65;27,67
15.11.2018;26,27;28,02;29,23;24,69
16.11.2018;25,57;25,47;26,82;25,27
19.11.2018;25,83;25,01;26,82;24,71
20.11.2018;27,1;25,62;28,08;24,7
21.11.2018;25,6;27,06;28,75;25,46
22.11.2018;25,25;25,19;26,11;25,08
23.11.2018;26,52;25,32;27,69;24,61
26.11.2018;28,63;26,29;29,8;26,24
27.11.2018;29,81;29,13;30,52;28,51
28.11.2018;28,41;29,66;30,03;27,94
29.11.2018;27,5;28,07;28,21;25,42
30.11.2018;26,48;26,36;27,19;25,46
03.12.2018;28,3;27,1;29,49;25,87
04.12.2018;27,54;27,37;27,74;27,07
05.12.2018;28,69;27,69;28,76;26,89
06.12.2018;28,39;28,9;28,95;27,21
07.12.2018;27,48;28,16;28,83;26,63
10.12.2018;26,7;26,95;28,08;26,61
11.12.2018;27,18;26,12;28,05;25,74
12.12.2018;26,94;27,1;27,51;26,52
13.12.2018;25,32;27,2;27,71;24,69
14.12.2018;25,92;25,01;25,95;23,29
17.12.2018;25,89;26,57;27,18;23,98
18.12.2018;26,61;24,92;28,96;24,54
19.12.2018;28,41;27,04;28,73;26,96
20.12.2018;27,44;28,52;30,67;25,52
21.12.2018;25,77;27,08;27,78;24,98
24.12.2018;25,16;25,19;26;23,84
25.12.2018;28,02;25,3;31,95;25
26.12.2018;27,49;28,18;28,75;27,32
27.12.2018;27,31;26,83;27,51;24,19
28.12.2018;27,59;28,47;29,58;26,24
29.12.2018;27,58;27,86;28,18;26,36
03.01.2019;27,86;25,9;28,45;24,93
04.01.2019;27,93;29,07;30,85;27,89
08.01.2019;25,96;24,93;26,23;24,01
09.01.2019;25,81;26,4;26,58;25,7
10.01.2019;24,72;24,72;26,53;22,66
11.01.2019;24,99;24,7;25,81;22,99
14.01.2019;25;24,48;25,81;22,24
15.01.2019;25,57;24,43;25,75;23,87
16.01.2019;24,8;25,27;25,66;24,38
17.01.2019;24,65;24,62;25,41;23,18
18.01.2019;21,42;24,39;24,39;20,82
21.01.2019;21,6;21,45;22,6;20,85
22.01.2019;22,75;21,67;23,61;21,08
23.01.2019;22,96;22,45;23,67;21,6
24.01.2019;22,72;22,75;23,74;22,01
25.01.2019;22,51;22,58;23,41;21,91
28.01.2019;22,4;22,53;24,16;22,3
29.01.2019;23,41;22,19;23,75;21,72
30.01.2019;23,66;23,2;24,47;23
31.01.2019;21,87;23,78;23,92;20,87
01.02.2019;21,73;21,93;23,12;21,19
04.02.2019;22,39;21,87;22,61;20,55
05.02.2019;20,73;22,4;22,46;20,66
06.02.2019;21,82;20,56;21,86;20,52
07.02.2019;22,68;21,42;23,33;21,36
08.02.2019;22,77;22,52;23,51;22,52
11.02.2019;23,42;22,65;23,46;22,16
12.02.2019;21,98;23,38;23,63;21,36
13.02.2019;22,81;22,03;23,71;21,4
14.02.2019;26,12;23,07;27,18;21,53
15.02.2019;22,62;25,63;26,18;21,54
18.02.2019;23,21;22,65;24,03;22,54
19.02.2019;22,83;23,13;23,71;22,56
20.02.2019;24,26;22,83;24,38;22,48
21.02.2019;23,76;24,31;24,71;23,67
22.02.2019;23,9;23,64;23,9;23,29
25.02.2019;24;23,81;24,51;23,49
26.02.2019;23,53;24,25;24,45;23,32
27.02.2019;23,58;23,71;24,3;23,42
28.02.2019;23,4;23,57;24,24;23,23
01.03.2019;22,73;23,33;23,8;22,65
04.03.2019;23,21;22,7;23,99;22,55
05.03.2019;23,09;22,97;23,3;22,81
06.03.2019;23,04;23,1;23,4;22,86
07.03.2019;22,97;23,11;23,28;22,25
11.03.2019;23,04;22,72;24,18;22,6
12.03.2019;22,41;23,17;23,18;21,94
13.03.2019;21,72;22,14;22,76;21,6
14.03.2019;21,54;21,67;21,95;20,75
15.03.2019;19,72;21,48;21,82;19,4
18.03.2019;22,48;19,56;23,12;19,33
19.03.2019;22,3;22,43;22,88;21,57
20.03.2019;22,17;22,22;22,79;21,97
21.03.2019;20,49;21,88;22,9;19,8
22.03.2019;22,68;20,45;23,24;20,06
25.03.2019;22,19;22,49;23,17;21,6
26.03.2019;21,77;21,59;22,59;21,43
27.03.2019;22,98;21,71;23,59;21,71
28.03.2019;22,86;22,17;23,09;21,95
29.03.2019;22,99;22,79;24,09;21,95
01.04.2019;23,94;21,89;23,96;21,77
02.04.2019;24,14;24,74;24,93;23,84
03.04.2019;23,07;23,73;23,8;21,82
04.04.2019;23,3;23,05;24,05;23,01
05.04.2019;21,95;23,27;23,42;21,57
08.04.2019;21,02;21,98;22,68;20,96
09.04.2019;19,64;20,67;21,01;19,48
10.04.2019;20,64;19,82;21,11;19,46
11.04.2019;18,84;20,37;20,81;17,68
12.04.2019;19,72;18,88;19,86;18,19
15.04.2019;19,75;20,05;22;19,6
16.04.2019;20,33;19,52;20,5;19,24
17.04.2019;20,92;20,59;21,81;20,5
18.04.2019;20,37;20,93;21,37;20,07
19.04.2019;19,86;20,21;20,59;19,65
22.04.2019;19,8;19,56;20,69;19,44
23.04.2019;20,35;19,81;20,8;18,94
24.04.2019;20,55;20,26;21,19;19,66
25.04.2019;19,18;20,5;20,51;19,07
26.04.2019;19,14;19,36;19,84;18,7
29.04.2019;19,91;19,39;20,5;18,55
30.04.2019;19,41;19,87;20;19,17
02.05.2019;20,68;19,47;20,93;19,14
03.05.2019;18,21;20,5;20,65;17,86
06.05.2019;18,92;18,38;20,85;17,75
07.05.2019;20,91;19,06;21,16;18,12
08.05.2019;20,58;21,33;22,2;20,13
10.05.2019;24,81;20,52;24,81;20,52
13.05.2019;24,98;25,55;25,6;24,04
14.05.2019;17,82;24,13;24,66;17,82
15.05.2019;19,37;19,22;21,07;18,69
16.05.2019;20,14;18,84;20,96;18,51
17.05.2019;19,49;20,32;20,34;19,09
20.05.2019;20,11;19,32;20,92;18,83
21.05.2019;20,27;20,07;21,3;19,65
22.05.2019;19,44;20,87;21,26;18,57
23.05.2019;21,81;19,76;22,97;19,76
24.05.2019;21,02;21,92;22,74;20,23
27.05.2019;20,43;21,01;21,53;20,04
28.05.2019;22,06;20,46;22,06;20,24
29.05.2019;21,7;22,13;22,46;21,49
30.05.2019;20,54;21,64;21,64;20,37
31.05.2019;20,31;20,66;21,92;20,29
03.06.2019;23,17;20,62;23,82;20,53
04.06.2019;24,12;23,19;24,88;22,98
05.06.2019;23,91;24,36;24,49;23,46
06.06.2019;22,94;23,55;23,83;22,74
07.06.2019;23,08;22,53;23,2;22,32
10.06.2019;22,76;22,89;23,43;22,57
11.06.2019;22,52;22,79;23,24;22,08
13.06.2019;21,04;22,35;22,96;20,72
14.06.2019;21,44;22,03;22,25;19,3
17.06.2019;21,71;21,71;22,11;20,15
18.06.2019;21,12;21,14;22,47;20,31
19.06.2019;22,31;21,11;22,54;20,9
20.06.2019;22,16;22,66;23,6;21,66
21.06.2019;21,52;21,3;21,85;20,21
24.06.2019;21,73;21,3;22,13;20,99
25.06.2019;22,19;21,2;22,51;20,76
26.06.2019;21,64;22,71;23,13;21,58
27.06.2019;21,51;21,03;22,08;20,73
28.06.2019;21,84;20,76;21,87;20,39
01.07.2019;20,49;21,97;22,24;20,33
02.07.2019;21,32;19,94;21,35;19,85
03.07.2019;20,6;20,65;21,25;19,92
04.07.2019;20,88;21,34;21,56;20,54
05.07.2019;20,27;21,06;21,28;20,03
08.07.2019;19,74;19,62;20,72;18,88
09.07.2019;19,62;19,66;20,55;19,27
10.07.2019;20,02;18,67;20,4;18,62
11.07.2019;18,31;20,22;22,05;17,93
12.07.2019;18,06;18,1;19,32;17,92
15.07.2019;18,6;17,82;18,76;17,16
16.07.2019;19,12;18,58;19,99;18,35
17.07.2019;19,76;19,37;20,32;18,4
18.07.2019;19,8;19,19;20,19;19,08
19.07.2019;19,13;19,49;19,52;17,76
22.07.2019;19,79;19,14;20,2;18,78
23.07.2019;19,75;19,76;20,11;19,43
24.07.2019;19,76;19,66;20,09;19,41
25.07.2019;20,19;19,8;20,36;18,68
26.07.2019;19,87;20,08;20,15;18,78
29.07.2019;20,32;19,65;20,78;19,23
30.07.2019;20,43;20,16;20,96;19,81
31.07.2019;20,5;20,48;20,73;19,85
01.08.2019;20,8;20,53;21,87;19,84
02.08.2019;23,68;21,11;24,28;20,18
05.08.2019;23,91;23,52;25,22;22,95
06.08.2019;24,32;23,54;24,46;23,13
07.08.2019;22,4;23,39;23,55;22,14
08.08.2019;23,83;26,03;26,69;22,83
09.08.2019;22,71;22,25;23,64;21,59
12.08.2019;21,59;20,81;21,75;19,44
13.08.2019;23,59;24;24,52;22,27
14.08.2019;25;23,73;25,64;22,64
15.08.2019;25,18;24,9;26,51;23,62
16.08.2019;22,95;23,61;24,17;21,79
19.08.2019;22,91;23,39;23,94;22,82
20.08.2019;21,36;23,08;23,55;21,27
21.08.2019;20,92;21,19;21,59;20,14
22.08.2019;20,78;20,82;21,33;20,27
23.08.2019;21,09;20,64;21,63;20,3
26.08.2019;21,34;21,99;22,49;21,18
27.08.2019;23,03;21,58;23,35;21,45
28.08.2019;22,17;22,99;23,4;21,95
29.08.2019;21,05;21,74;22,45;20,76
30.08.2019;20,37;20,63;21,43;19,85
02.09.2019;21,38;20,35;21,5;20,35
03.09.2019;20,64;21,33;21,82;19,87
04.09.2019;19,73;21,03;21,18;19,73
05.09.2019;19,82;19,87;20,63;19,65
06.09.2019;20,05;20,05;20,78;19,49
09.09.2019;19,82;20,07;20,56;19,09
10.09.2019;20,15;19,75;20,27;19,62
11.09.2019;20,64;19,81;20,75;19,79
12.09.2019;21,15;20,51;21,73;20,37
13.09.2019;20,24;20,82;21,16;20,1
16.09.2019;20,18;20,05;21,43;18,52
17.09.2019;20,59;20,29;21,17;19,84
18.09.2019;20,29;20,3;20,74;20,15
19.09.2019;20,22;20,45;22,52;19,57
20.09.2019;20,71;20,11;21,06;19,95
23.09.2019;20,62;20,26;21,79;20,02
24.09.2019;21,12;20,28;21,56;19,79
25.09.2019;20,62;21,03;22,66;19,94
26.09.2019;20,52;20,38;21,04;20,14
27.09.2019;19,89;20,86;20,92;19,72
30.09.2019;19,54;20,18;20,49;19,02
01.10.2019;20,07;19,27;20,18;18,89
02.10.2019;21,23;19,91;21,61;19,54
03.10.2019;22,48;21,51;22,48;21,3
04.10.2019;21,28;22,46;22,46;20,29
07.10.2019;20,52;21,09;22,43;20,4
08.10.2019;21,55;20,22;21,76;20,16
09.10.2019;20,54;21,7;21,76;19,92
10.10.2019;18,16;20,63;21,14;18,16
11.10.2019;18,44;18,5;21,32;17,97
14.10.2019;18,78;18,3;19,41;18
15.10.2019;18,14;19,08;19,3;18,12
16.10.2019;19,72;18,29;20,13;18,16
17.10.2019;19,25;19,82;20,19;18,76
18.10.2019;18,9;19,21;19,38;18,46
21.10.2019;19,42;19,04;20,06;18,4
22.10.2019;17,65;19,38;19,38;17,38
23.10.2019;18,12;17,83;18,12;17,38
24.10.2019;19,05;18;19,56;17,91
25.10.2019;17,81;19,01;19,77;17,7
28.10.2019;20,38;17,99;20,46;17,78
29.10.2019;19,51;20,32;21,01;19,06
30.10.2019;19,19;19,34;19,88;18,53
31.10.2019;19,52;18,74;20,39;18,39
01.11.2019;20,82;19,37;20,9;18,44
05.11.2019;21,33;20,88;21,44;19,98
06.11.2019;20,02;21,13;21,43;19,94
07.11.2019;19,73;20,08;22,22;18,92
08.11.2019;20,43;19,64;21,57;19,47
11.11.2019;21,19;20,49;21,88;20,16
12.11.2019;21,43;21,39;21,81;20,34
13.11.2019;20,84;21,48;21,57;20,55
14.11.2019;20,46;20,81;21,73;20,29
15.11.2019;20,8;20,39;21,26;20,13
18.11.2019;21,18;21,39;22,22;20,83
19.11.2019;21,3;21,14;21,94;21,02
20.11.2019;21,3;21,3;21,75;20,24
21.11.2019;21,31;21,09;21,62;20,89
22.11.2019;20,39;21,2;21,22;20,03
25.11.2019;20,86;20,06;21,15;19,99
26.11.2019;20,22;20,71;20,77;19,57
27.11.2019;19,79;20;20,58;19,62
28.11.2019;19,35;19,65;19,91;18,93
29.11.2019;18,94;19,22;19,42;18,49
02.12.2019;19,19;18,69;20,38;18,35
03.12.2019;20,67;19,16;20,68;19,08
04.12.2019;19,7;20,92;21,15;19,54
05.12.2019;19,52;19,36;20,4;19,23
06.12.2019;19,96;19,82;20,1;19,15
09.12.2019;21,01;19,97;21,33;19,8
10.12.2019;20,65;20,81;21,09;20,07
11.12.2019;20,27;20,44;21,06;20,08
12.12.2019;19,92;20,24;20,3;17,89
13.12.2019;19,99;19,87;20,94;19,41
16.12.2019;19,1;20,46;20,79;19,03
17.12.2019;20,19;19,16;20,37;18,91
18.12.2019;19,69;19,82;20,41;18,98
19.12.2019;19,81;19,79;20,41;18,74
20.12.2019;18,24;19,74;19,77;18,12
23.12.2019;19,28;18,17;19,37;17,89
24.12.2019;20;19,05;20,03;19,05
25.12.2019;20,26;19,97;20,61;19,85
26.12.2019;20,06;20,05;20,76;19,75
27.12.2019;21,29;19,81;21,73;19,81
30.12.2019;22,65;21,37;23,02;21,27
03.01.2020;22,69;22,45;22,96;22,03
06.01.2020;22,77;22,63;24,23;22,52
08.01.2020;22,96;22,6;23,2;21,79
09.01.2020;22,42;22,94;24,48;21,54
10.01.2020;19,65;22,01;22,55;19,55
13.01.2020;19,87;19,8;20,65;18,94
14.01.2020;19,84;19,75;19,98;18,2
15.01.2020;19,83;19,81;20,33;18,17
16.01.2020;17,49;20,03;20,05;16,99
17.01.2020;17,67;17,3;17,99;16,29
20.01.2020;18,92;17,74;19,27;17,45
21.01.2020;18,09;18,77;18,93;17,6
22.01.2020;17,93;18,24;18,99;17,38
23.01.2020;19,53;18,11;19,63;17,55
24.01.2020;19,08;19,62;19,64;17,87
27.01.2020;21,23;18,99;21,61;18,45
28.01.2020;19,38;21,27;21,51;19,32
29.01.2020;20,19;19,24;20,85;19,24
30.01.2020;22,24;19,96;22,51;19,81
31.01.2020;21,38;22,14;22,4;20,98
03.02.2020;22,18;21,79;23,14;21,24
04.02.2020;22,89;22,23;23,3;22,07
05.02.2020;22,45;22,95;23,22;21,24
06.02.2020;24,01;22,56;24,12;21,64
07.02.2020;23,44;23,96;24,57;23,17
10.02.2020;24,15;23,39;24,78;22,61
11.02.2020;22,95;24,01;24,37;22,33
12.02.2020;22,54;22,98;23,52;22,43
13.02.2020;22,63;22,49;23,01;21,84
14.02.2020;21,9;22,73;23,22;21,51
17.02.2020;22,24;21,97;23,27;21,24
18.02.2020;22,63;22,29;23,39;21,64
19.02.2020;22,28;22,95;23,32;22,02
20.02.2020;22,02;22,38;22,58;21,94
21.02.2020;21,51;21,94;22,42;21,25
25.02.2020;26,41;21,35;26,43;21,35
26.02.2020;27,41;26,63;28,89;26,38
27.02.2020;31,27;27,71;31,89;27,68
28.02.2020;39,76;31,55;45,59;30,88
02.03.2020;40,46;39,12;41,16;34,63
03.03.2020;37,45;38,83;39,12;36,39
04.03.2020;37,86;36,8;41,14;36,49
05.03.2020;38,69;37,76;39,26;37,27
06.03.2020;45,96;39,21;46,18;39,1
10.03.2020;60,21;46,59;74,2;46,1
11.03.2020;65,56;63,09;65,87;61,44
12.03.2020;94,41;65,19;94,46;64,24
13.03.2020;87,1;91,66;95,85;82,28
16.03.2020;96,65;84,68;101,18;82,13
17.03.2020;95,78;94,5;101,8;93,29
18.03.2020;118,24;96,94;124,79;90,94
19.03.2020;99,86;119,01;129,05;96,86
20.03.2020;89,14;99,05;101,1;79,65
23.03.2020;95,58;88,28;101,96;87,61
24.03.2020;79,2;95,6;96,16;76,71
25.03.2020;76,82;77,75;83,23;70,42
26.03.2020;72,91;76,22;80,16;71,66
27.03.2020;82,45;73,27;85,47;72,67
30.03.2020;76,8;82,69;87,66;76,8
31.03.2020;70,13;77,92;78,55;68,03
01.04.2020;72,18;69,48;74,17;69,2
02.04.2020;68,8;73,82;75,85;66,82
03.04.2020;68,52;69,25;70,49;60,72
06.04.2020;64,84;68,17;69,71;64,55
07.04.2020;59,34;65,67;65,87;58,93
08.04.2020;57,71;57,7;61,36;56,05
09.04.2020;59,13;56,78;63,33;56,54
10.04.2020;57,01;57,61;63,63;56,72
13.04.2020;56,04;56,61;60,11;55,06
14.04.2020;53,34;55,57;55,76;51,77
15.04.2020;61,99;52,51;63,67;52,19
16.04.2020;58,74;61,44;62,22;54,76
17.04.2020;54,13;58,85;60,51;53,39
20.04.2020;57,74;54,44;59,05;52,22
21.04.2020;66,81;58,05;70,63;57,7
22.04.2020;54,29;66,87;68,23;53,97
23.04.2020;48,75;53,23;53,44;47,46
24.04.2020;49,57;48,42;53,81;48,17
27.04.2020;47,95;49,37;50,38;46,47
28.04.2020;47,08;46,85;49,43;45,26
29.04.2020;42,36;46,64;46,94;42,36
30.04.2020;44,67;42,71;46,61;42,49
04.05.2020;46,08;45,79;48,82;43,94
05.05.2020;39,94;45,66;45,66;39,94
06.05.2020;43,56;41,27;44,32;40,44
07.05.2020;41,64;43,29;43,83;40,21
08.05.2020;40,3;41,69;43,35;40,17
12.05.2020;40,78;40,6;43,58;40,14
13.05.2020;41,01;40,79;43,43;39,72
14.05.2020;41,93;41,07;44,5;39,32
15.05.2020;38,36;40,94;41,88;35,39
18.05.2020;36,12;38,4;39,31;35,43
19.05.2020;35,5;35,95;36,48;34,51
20.05.2020;34,96;35,73;36,89;34,26
21.05.2020;35,46;35,12;37,03;34,6
22.05.2020;34,92;34,73;36,22;34,58
25.05.2020;36,11;35,17;37,18;35,07
26.05.2020;35,47;35,77;36,06;35,1
27.05.2020;37,27;35,68;37,33;35,25
28.05.2020;35,93;36,3;36,41;34,92
29.05.2020;35,47;35,54;36,24;35,08
01.06.2020;36,03;35,16;36,77;34,81
02.06.2020;35,31;35,82;36,17;34,88
03.06.2020;34,7;35,23;36,26;34,48
04.06.2020;36,23;34,38;36,23;34,38
05.06.2020;34,39;35,76;36,06;34,27
08.06.2020;35,84;34,5;36,34;34,45
09.06.2020;35,38;34,95;35,54;34,25
10.06.2020;34,92;35,15;35,62;34,35
11.06.2020;35,65;34,77;36,32;33,84
15.06.2020;37,78;36,76;39,05;36,49
16.06.2020;37,39;38,19;38,5;36,02
17.06.2020;38,07;37,48;38,25;35,41
18.06.2020;35,98;38,32;38,95;35,53
19.06.2020;33,19;35,94;36,67;32,51
22.06.2020;34,32;33,45;35,88;33,19
23.06.2020;32,67;34,52;35,25;32,07
25.06.2020;31,49;32,49;33,39;31,4
26.06.2020;31,41;31,82;32,55;30,62
29.06.2020;33,68;31,47;34,05;30,83
30.06.2020;34,98;33,69;35,49;32,11
02.07.2020;32,77;35,19;36,13;31,25
03.07.2020;32,16;31,98;33,25;31,78
06.07.2020;31,95;31,98;32,32;30,87
07.07.2020;32,03;32,2;34,15;31,67
08.07.2020;32,82;32,03;33,41;31,84
09.07.2020;32,33;32,56;32,82;31,01
10.07.2020;30,47;31,68;34,24;30,01
13.07.2020;31,69;30,58;32,79;30,33
14.07.2020;34,16;31,43;34,74;30,61
15.07.2020;33,02;33,89;35,99;31,96
16.07.2020;31,52;32,87;33,84;30,75
17.07.2020;31,39;31,6;32,46;31,01
20.07.2020;30,28;31,21;33,1;29,77
21.07.2020;31,06;30,27;31,5;29,91
22.07.2020;31,22;31,25;32,35;30,36
23.07.2020;30,59;31,29;31,51;29,6
24.07.2020;31,1;30,31;31,83;30,17
27.07.2020;29,89;31,21;31,29;28,94
28.07.2020;31,03;29,9;31,52;29,15
29.07.2020;29,47;30,73;31,11;29,46
30.07.2020;31,89;29,58;32,15;29,07
31.07.2020;31,3;31,91;32,48;31,12
03.08.2020;30,79;31,52;32,59;30,76
04.08.2020;30,97;31,1;31,58;30,09
05.08.2020;29,85;30,47;30,74;28,98
06.08.2020;29,53;29,68;30,04;29,22
07.08.2020;29,39;29,64;30;29,01
10.08.2020;29,62;29,35;30,44;28,76
11.08.2020;28,81;29,54;29,72;27,82
12.08.2020;28,32;28,6;29,02;27,91
13.08.2020;26,01;28,17;28,3;25,78
14.08.2020;26,33;25,63;28,23;25,44
17.08.2020;31,56;26,25;32,79;25,81
18.08.2020;30,88;31,45;32,37;29,46
19.08.2020;29,37;30,68;31,24;29,33
20.08.2020;31,56;29,51;32,05;29,39
21.08.2020;32,61;31,16;33,25;29,09
24.08.2020;30,91;32,41;32,43;30,75
25.08.2020;31,62;30,67;31,62;30,56
26.08.2020;31,65;31,45;32,74;30,99
27.08.2020;31,65;31,55;32,35;31,12
28.08.2020;31,58;31,97;32,51;31,45
31.08.2020;33,15;31,53;33,43;31,2
01.09.2020;32,35;32,96;33,25;32,15
02.09.2020;35,68;32,25;37,04;32
03.09.2020;36,51;36,3;37,07;35,17
04.09.2020;35,78;36,31;36,94;34,92
07.09.2020;36,37;36,02;37,64;35,54
08.09.2020;36,59;35,7;37,32;35,52
09.09.2020;35,34;37,55;37,72;35,07
10.09.2020;34,29;34,63;35,08;33,66
11.09.2020;32,58;32,54;33,82;32,16
14.09.2020;33,23;32,71;34,49;32,53
15.09.2020;31,33;33,29;33,75;30,53
16.09.2020;30,74;30,95;31,46;29,88
17.09.2020;29,33;30,8;30,82;28,93
18.09.2020;30,01;29,14;30,2;28,48
21.09.2020;35,95;29,72;36,01;29,62
22.09.2020;33,32;35,55;36,04;33,28
23.09.2020;32,67;33,74;33,93;32,62
24.09.2020;34,77;32,71;36,8;32,43
25.09.2020;38,81;34,05;39,15;32,35
28.09.2020;41;39,19;41,29;38,07
29.09.2020;40,95;41,26;42,93;39,82
30.09.2020;37,79;41,05;41,98;37,51
01.10.2020;38,15;37,02;38,27;36,38
02.10.2020;39,15;38,38;39,59;37,39
05.10.2020;36,23;38,01;39,74;36,22
06.10.2020;33,34;37,03;37,03;32,3
07.10.2020;33,28;33,5;34,71;32,87
08.10.2020;33,3;33,5;34,28;32,23
09.10.2020;27,56;32,22;32,54;27,56
12.10.2020;30,18;26,82;30,24;26,63
13.10.2020;29,78;30,01;30,53;28,63
14.10.2020;27,68;29,41;30,02;27,13
15.10.2020;29,09;28,26;30,58;27,8
16.10.2020;27,35;29,11;29,55;26,55
19.10.2020;26,96;27,52;28,23;26,23
20.10.2020;27,9;27,57;28,61;26,83
21.10.2020;29,06;28,01;29,06;27,7
22.10.2020;28,63;28,9;29,5;28,3
23.10.2020;28,89;28,57;28,9;26,74
26.10.2020;31,37;28,73;31,4;27,86
27.10.2020;30,94;31,36;31,52;30,61
28.10.2020;35,61;31,03;37,9;30,61
29.10.2020;38,41;35,8;40,48;35,15
30.10.2020;39,16;38,62;40,63;37,09
02.11.2020;43,14;39,29;44,62;39,28
03.11.2020;42,3;43,04;43,64;41,85
05.11.2020;33,83;42,24;44,11;33,64
06.11.2020;33,39;33,84;36,4;33,25
09.11.2020;31,63;33,41;33,78;29,27
10.11.2020;31,56;31,61;32,87;31,03
11.11.2020;31,52;31,66;33;31,38
12.11.2020;30,63;31,35;31,91;30,33
13.11.2020;30,37;30,23;31,47;29,5
16.11.2020;30,27;30,42;32,62;30,14
17.11.2020;29,73;29,85;31,59;29,54
18.11.2020;28,74;29,79;29,79;28,22
19.11.2020;30,29;28,73;31,19;28,45
20.11.2020;29,49;30,22;30,3;29,21
23.11.2020;30,29;29,46;30,71;27,78
24.11.2020;29,01;31,28;31,45;28,3
25.11.2020;30,05;27,75;30,19;27,75
26.11.2020;30,21;29,91;30,56;29,13
27.11.2020;29,98;30,2;30,55;29,32
30.11.2020;29,99;29,76;30,57;29,34
01.12.2020;30,45;29,99;31,95;29,65
02.12.2020;29,16;30,17;30,31;28,44
03.12.2020;29,37;28,86;29,57;28,66
04.12.2020;29,48;29,14;29,83;28,73
07.12.2020;29,74;29,49;30,98;29,35
08.12.2020;30,67;29,44;31,27;29,28
09.12.2020;31,24;29,99;31,29;29,96
10.12.2020;32,62;31,34;33,04;30,39
11.12.2020;31,11;33,89;34,74;31
14.12.2020;31,32;31,22;32,71;28,73
15.12.2020;30,32;30,86;32,35;29,13
16.12.2020;31;30,96;32,13;30,11
17.12.2020;29,99;31,2;31,38;29,84
18.12.2020;31,28;29,96;31,89;29,25
21.12.2020;36,1;31,08;36,33;30,49
22.12.2020;36,21;35,88;37,6;34,58
23.12.2020;33,91;36,18;36,86;33,45
24.12.2020;33,08;33,64;35,15;32,64
25.12.2020;32,23;33,45;33,79;32,09
28.12.2020;31,45;32,03;33,33;31,39
29.12.2020;32,05;31,27;32,35;30,56
30.12.2020;33,28;31,79;33,49;31,61
04.01.2021;31,56;32,77;33,28;30,46
05.01.2021;32,32;32,25;33,98;31,42
06.01.2021;32,22;31,59;32,4;31,12
08.01.2021;32,5;31,99;33,62;27,64
11.01.2021;34,09;32,68;35,7;32,15
12.01.2021;32,93;33,82;34,34;32,58
13.01.2021;31,94;32,35;33,68;31,74
14.01.2021;30,99;31,62;33,14;30,73
15.01.2021;31,26;31,1;31,96;30,62
18.01.2021;32,83;30,69;33,18;30,19
19.01.2021;32,5;32,26;32,91;31,97
20.01.2021;30,91;32,07;32,4;30,49
21.01.2021;31,48;30,34;32,45;30,03
22.01.2021;31,57;30,8;32,78;30,74
25.01.2021;31,99;31,36;32,24;30,32
26.01.2021;31,76;32,24;32,48;30,98
27.01.2021;32,88;31,5;33,33;31,06
28.01.2021;33,08;32,61;33,91;32,36
29.01.2021;34,46;33,22;35,47;33,13
01.02.2021;34,75;34,48;35,78;33,96
02.02.2021;33,24;35,09;35,14;32,84
03.02.2021;33,12;33,1;33,64;32,55
04.02.2021;32,77;33,24;33,51;32,35
05.02.2021;30,07;32,39;32,41;30,03
08.02.2021;30,78;30,06;31,62;29,95
09.02.2021;31,1;30,84;31,32;30,39
10.02.2021;30,84;30,91;31,37;30,08
11.02.2021;29,94;30,57;31,27;29,58
12.02.2021;29,45;29,76;31,51;29,32
15.02.2021;30,1;29,01;30,1;27,8
16.02.2021;30,48;29,77;30,85;28,89
17.02.2021;31,64;30,5;31,97;30,15
18.02.2021;32,1;30,53;32,35;29,95
19.02.2021;30,53;31,92;32,51;30,36
20.02.2021;31,27;30,34;31,52;30,16
22.02.2021;32,66;31,25;35,17;31,22
24.02.2021;32,69;32,59;33,26;31,82
25.02.2021;31,86;32,2;32,21;30,64
26.02.2021;33,84;32,31;34,12;31,81
01.03.2021;32,63;33,1;33,94;32,58
02.03.2021;31,97;31,7;37,11;31,67
03.03.2021;30,83;31,9;32,09;30,52
04.03.2021;31,28;30,82;31,69;30,54
05.03.2021;32,06;31,25;34,02;31,08
09.03.2021;31,48;31,85;32,94;31,04
10.03.2021;30,38;31,39;32,02;30,3
11.03.2021;30,38;30,68;31,27;29,09
12.03.2021;29,88;30,18;31,12;29,8
15.03.2021;29,77;30,68;31,2;28,41
16.03.2021;29,13;29,63;30,1;28,85
17.03.2021;32,27;28,89;33,12;28,88
18.03.2021;32,23;32,03;33,15;31,1
19.03.2021;32,41;32,04;33,29;31,58
22.03.2021;33,12;32,38;33,87;31,54
23.03.2021;33,95;33,3;34,6;32,44
24.03.2021;33,3;33,96;35,02;33,14
25.03.2021;34,21;33,08;34,32;31,87
26.03.2021;30,18;33,92;33,92;30,09
29.03.2021;31,25;30,31;31,29;29,68
30.03.2021;31,06;31,26;31,52;30,83
31.03.2021;30,14;31,22;31,24;29,6
01.04.2021;30,27;30,09;30,67;29,12
02.04.2021;30,19;30,46;30,87;29,93
05.04.2021;32,42;30,2;32,83;29,97
06.04.2021;33,13;32,09;33,99;31,46
07.04.2021;32,89;32,95;34,01;32,14
08.04.2021;31,82;33,3;33,84;31,53
09.04.2021;31,75;31,6;33,52;31
12.04.2021;32,14;31,88;33,23;31,44
13.04.2021;29,89;31,77;32,31;29,17
14.04.2021;28,81;29,32;30,59;28,54
15.04.2021;29,07;29,1;31,63;28,52
16.04.2021;27,32;28,46;29,19;26,45
19.04.2021;29,8;27,23;29,86;26,4
20.04.2021;30,62;29,57;31,49;28,13
21.04.2021;30,5;30,8;31,36;30,07
22.04.2021;27,38;30,55;30,7;27,09
23.04.2021;27,59;27,49;28,44;27,18
26.04.2021;28,16;27,76;28,45;27,21
27.04.2021;27,98;28,1;28,55;27,74
28.04.2021;27,62;27,89;28,29;27,18
29.04.2021;26,29;27,36;27,83;26,23
30.04.2021;27,55;25,92;27,79;25,71
04.05.2021;27,1;27,42;27,83;26,7
05.05.2021;26,34;26,92;27,59;26,29
06.05.2021;25,75;26,22;27,03;25,31
07.05.2021;26,17;25,65;26,91;25,56
10.05.2021;27,25;26,43;27,35;26,13
11.05.2021;27,35;27,15;27,48;26,73
12.05.2021;26,99;27,3;27,43;26,37
13.05.2021;26,5;26,67;26,88;25,24
14.05.2021;26,73;25,84;27,62;25,84
17.05.2021;26,92;25,94;27,64;25,87
18.05.2021;26,48;27,02;27,35;25,81
19.05.2021;27,37;26,62;27,6;25,44
20.05.2021;27,36;27,19;27,84;27,07
21.05.2021;26,45;27,22;27,43;26,11
24.05.2021;26,13;26,36;26,89;26,11
25.05.2021;25,65;26,22;26,28;25,49
26.05.2021;25,99;25,58;25,99;25,04
27.05.2021;25,41;25,71;25,84;25,28
28.05.2021;25,12;25,41;25,46;24,96
31.05.2021;25,49;25,07;25,6;24,87
01.06.2021;25,17;25,32;25,5;24,64
02.06.2021;25,46;25,18;25,46;24,74
03.06.2021;25,01;25,07;25,23;24,5
04.06.2021;25;24,76;25,43;24,43
07.06.2021;24,45;24,13;24,97;24,03
08.06.2021;23,2;23,76;24,65;23,16
09.06.2021;22,61;23,01;24,47;22,6
10.06.2021;23,48;22,45;24,48;22,19
11.06.2021;24,72;24,36;25,33;23,66
14.06.2021;24,72;24,78;25,4;24,52
15.06.2021;23,84;24,61;25,03;23,78
16.06.2021;25,09;23,92;25,32;23,92
17.06.2021;22,96;24,67;25,36;22,94
18.06.2021;22,42;23,21;23,23;21,82
21.06.2021;23,76;22,13;24,64;21,76
22.06.2021;22,61;23,4;23,62;22,47
23.06.2021;21,15;22,25;22,45;20,65
24.06.2021;21,01;21,36;21,61;20,64
25.06.2021;20,93;21,16;21,27;20,77
28.06.2021;20,23;20,79;21,18;20,15
29.06.2021;21,64;20,37;21,64;19,73
30.06.2021;20,79;21,49;21,84;20,39
01.07.2021;20,52;20,51;21,29;20,45
02.07.2021;20,77;20,39;20,93;20,11
05.07.2021;21,02;20,65;21,22;20,51
06.07.2021;21,43;21,28;21,82;20,61
07.07.2021;22,61;22,6;22,89;21,58
08.07.2021;23,44;20,57;24,61;20,03
09.07.2021;21,61;24,01;24,08;21,51
12.07.2021;20,98;21,77;23,12;20,85
13.07.2021;21,7;20,93;21,79;20,3
14.07.2021;21,79;21;21,79;20,31
15.07.2021;21,96;21,56;22,67;21,18
16.07.2021;21,5;21,35;22,5;20,79
19.07.2021;23,77;21,5;23,92;20,98
20.07.2021;22,78;23,93;24,72;22,33
21.07.2021;21,48;22,69;22,87;21,4
22.07.2021;21,91;21,42;22,15;21,12
23.07.2021;22,58;21,75;22,8;21,62
26.07.2021;23,14;22,51;23,46;22,26
27.07.2021;22,55;23,12;23,26;22,29
28.07.2021;22,76;22,69;23,24;22,55
29.07.2021;21,27;22,59;23,12;20,84
30.07.2021;21,44;21,14;22,1;21,02
02.08.2021;21,56;21,48;22,24;21,36
03.08.2021;22,11;21,7;22,38;21,52
04.08.2021;21,62;21,85;22,45;21,6
05.08.2021;21,98;21,82;22,11;21,62
06.08.2021;20,81;21,95;22,09;20,67
09.08.2021;21,86;20,83;22,09;20,75
10.08.2021;21,94;22,04;22,38;21,68
11.08.2021;22,29;21,93;22,57;21,7
12.08.2021;21,27;22,42;22,55;20,89
13.08.2021;20,52;21,28;21,31;20,01
16.08.2021;21,15;20,94;22,31;20,44
17.08.2021;20,83;21,08;21,73;20,36
18.08.2021;21,69;20,78;21,77;20,7
19.08.2021;23,37;21,59;23,96;21,06
20.08.2021;23,63;23,43;24,2;22,84
23.08.2021;23,14;23,72;24,13;23
24.08.2021;22,94;23,18;23,31;22,66
25.08.2021;22,99;22,65;23,31;22,44
26.08.2021;22,83;23,04;23,39;22,75
27.08.2021;22,39;22,71;23,09;22,33
30.08.2021;22,47;22,45;22,99;21,93
31.08.2021;23,04;22,18;23,04;22
01.09.2021;22,53;23,15;23,22;22,4
02.09.2021;23,31;22,47;23,36;22,46
03.09.2021;23,8;23,37;24,42;23,22
06.09.2021;23,42;23,82;24,48;23,38
07.09.2021;23,82;23,3;24,05;23,13
08.09.2021;23,52;23,87;24,28;23,31
09.09.2021;23,37;23,15;24,02;22,28
10.09.2021;23,15;23,19;24,13;22,29
13.09.2021;22,53;23,41;23,89;22,13
14.09.2021;23,83;22,35;24,48;22,09
15.09.2021;24,21;23,48;24,96;22,96
16.09.2021;22,27;24,55;24,79;22,12
17.09.2021;21,49;21,98;21,98;20,79
20.09.2021;25,65;21,75;25,65;20,42
21.09.2021;25,79;24,97;26,06;24,97
22.09.2021;23,91;25,78;26,07;23,4
23.09.2021;23,5;23,73;24,19;23,3
24.09.2021;23,59;23,45;24,41;23,29
27.09.2021;24,09;23,43;24,82;23,43
28.09.2021;24,87;24,5;25,14;23,44
29.09.2021;25,19;24,79;25,87;24,68
30.09.2021;24,76;25,1;26,07;24,59
01.10.2021;25,5;25,13;26,2;25,11
04.10.2021;25,75;25,72;26,6;25,28
05.10.2021;24,69;25,58;25,9;24,67
06.10.2021;27,96;24,89;28,51;24,4
07.10.2021;27,4;28,1;28,26;26,76
08.10.2021;27,18;27,34;27,62;26,94
11.10.2021;27,6;27,38;27,9;27,03
12.10.2021;28,44;27,55;28,74;27,49
13.10.2021;27,01;28,22;28,76;26,68
14.10.2021;25,85;27,2;27,27;25,23
15.10.2021;25,71;25,57;26,01;25,06
18.10.2021;25,88;25,68;26,67;25,47
19.10.2021;25,7;25,84;25,85;24,86
20.10.2021;26,74;25,39;26,75;25,23
21.10.2021;26,56;26,85;27,26;26,28
22.10.2021;24,94;26,25;26,42;24,76
25.10.2021;25,27;25,25;26,1;24,94
26.10.2021;24,78;25,17;25,36;24,31
27.10.2021;25,04;24,69;25,53;24,59
28.10.2021;25,26;25,08;26,27;24,8
29.10.2021;25,87;25,51;26,6;24,93
01.11.2021;26,43;25,81;26,65;25,36
02.11.2021;26,69;26,1;26,96;25,94
03.11.2021;26,33;26,69;26,82;25,88
05.11.2021;25,54;26,06;26,24;25,38
08.11.2021;25,81;25,42;26,56;25,4
09.11.2021;25,65;25,82;26,27;24,81
10.11.2021;26,27;25,67;26,34;25,2
11.11.2021;26,01;25,8;26,01;25,09
12.11.2021;28,62;25,75;28,73;25,31
15.11.2021;29,35;28,3;29,64;27,76
16.11.2021;30,14;29,32;30,85;29,2
17.11.2021;29,51;29,8;30,23;29,32
18.11.2021;29,13;29,45;30,2;28,79
19.11.2021;28,51;29,02;29,59;27,58
22.11.2021;33,18;28,97;34,77;28,64
23.11.2021;32,49;32,99;36,32;32,34
24.11.2021;33,34;32,64;33,58;31,03
25.11.2021;30,8;33,01;33,33;30,3
26.11.2021;35,53;31,52;35,95;30,46
29.11.2021;35,67;35,11;36,99;33,89
30.11.2021;35,51;34,6;37,41;33,87
01.12.2021;32,85;35,81;37,07;32,81
02.12.2021;33,25;32,96;35,87;32,77
03.12.2021;34,47;32,84;34,48;31,92
06.12.2021;35,63;33,7;36,28;32,38
07.12.2021;37,31;36,99;39,12;36,84
08.12.2021;36,94;36,01;37,44;34,75
09.12.2021;35,35;37,03;38,3;34,53
10.12.2021;34,23;34,82;35,32;32,47
13.12.2021;37,25;32,28;37,25;31,61
14.12.2021;35,8;36,23;41,79;35,53
15.12.2021;34,17;33,83;38,81;33,83
16.12.2021;33,41;34,43;36,05;32,17
17.12.2021;32,55;32,71;34,69;32
20.12.2021;35,04;32,24;36,23;31,43
21.12.2021;33,65;35,22;35,45;32,97
22.12.2021;32,69;33,53;33,59;32,48
23.12.2021;31,59;32,24;32,67;31,45
24.12.2021;32,49;31,64;33,37;31,6
27.12.2021;33,34;32,65;33,8;32,46
28.12.2021;32,4;33,22;33,38;31,71
29.12.2021;31,74;32,66;32,97;31,52
30.12.2021;32,82;31,86;32,86;30,92
03.01.2022;30,85;32,83;33,95;30,5
04.01.2022;30,42;31,81;31,81;30,19
05.01.2022;32,25;31,08;32,72;30,77
06.01.2022;37,37;32,75;38,55;32,26
07.01.2022;32,54;37,16;37,25;32,5
10.01.2022;34,54;33,1;34,62;32,31
11.01.2022;33,43;35,18;35,68;33,31
12.01.2022;31,83;33,52;33,78;31,48
13.01.2022;36,88;32,95;37,8;32,1
14.01.2022;42,78;36,53;46,11;34,6
17.01.2022;49,68;43,25;51,64;42,12
18.01.2022;59,09;50,01;60,53;47,7
19.01.2022;56,67;63,94;65,22;54,06
20.01.2022;53,85;56,77;57,37;50,48
21.01.2022;55,18;54;56,89;51,68
24.01.2022;68,34;55,47;69,25;54,26
25.01.2022;65,67;69,12;72,59;61,87
26.01.2022;62,97;66,2;66,54;60,36
27.01.2022;54,24;63,07;67,56;50,65
28.01.2022;54,73;55,13;55,44;51,15
31.01.2022;49,58;55,11;55,33;49,55
01.02.2022;48,46;50,07;50,19;47,01
02.02.2022;46,8;48,54;49,34;44,49
03.02.2022;49,19;47,23;51,83;46,89
04.02.2022;48,5;49,73;51,5;46,26
07.02.2022;49,98;48,48;50,16;47,64
08.02.2022;46,27;50,15;51,11;46,25
09.02.2022;42,4;46,27;46,29;42,18
10.02.2022;42,1;43,1;45,83;41,37
11.02.2022;45,04;42,4;46,11;39,19
14.02.2022;61,6;46,26;64,88;45,81
15.02.2022;53,02;60,99;66,54;50,85
16.02.2022;47,87;52,12;52,73;46,06
17.02.2022;60,22;47,89;60,75;47,29
18.02.2022;67,13;59,04;68,05;55,05
21.02.2022;92,08;67,66;95,88;65,1
22.02.2022;78,78;93,5;103,53;76,55
23.02.2022;87,59;79,86;89,54;74,15
24.02.2022;128,7;86,97;138,55;83,86
25.02.2022;117,33;127,88;138,61;109,96
09.03.2022;117,41;117,5;117,52;117,41
10.03.2022;129,82;130,19;130,19;129,79
11.03.2022;128,85;129,22;129,22;128,84
24.03.2022;133,33;118,38;148,47;113,85
25.03.2022;142,66;129,43;169,96;110,25
28.03.2022;119,13;140,74;143,03;119,13
29.03.2022;104,38;121,62;121,62;99,35
30.03.2022;95,11;103,17;107,31;95,11
31.03.2022;92,94;96,69;96,74;90,79
01.04.2022;97,03;93,94;97,73;90,55
04.04.2022;95,91;96,25;102,23;95,16
05.04.2022;95,52;96,06;99,49;90,14
06.04.2022;98;97,02;103,8;92,67
07.04.2022;91;97,77;98,04;89,54
08.04.2022;94,34;90,24;97,36;76,64
11.04.2022;109,11;105,09;116,25;84,33
12.04.2022;91,37;109,93;113,79;89,39
13.04.2022;83,94;90,01;91,6;81,17
14.04.2022;92,1;87,96;93,97;80,37
15.04.2022;94,07;96,53;104,09;75,11
18.04.2022;84,16;93,78;93,81;79,86
19.04.2022;86,15;80,36;93,27;79,28
20.04.2022;90,99;87,38;92,14;84,41
21.04.2022;87,75;93,09;93,17;81,09
22.04.2022;82,53;84,29;85,01;76,92
25.04.2022;77,53;89,87;90,01;77,02
26.04.2022;73,61;79,02;79,28;70,92
27.04.2022;71,33;75,8;78,44;71,33
28.04.2022;74,51;71,66;76,6;70,9
29.04.2022;70,44;75,09;75,09;70,37
04.05.2022;73,2;72,11;76,98;70,91
05.05.2022;75,2;72,48;77,17;71,35
06.05.2022;74,02;74,61;77,24;73,33
11.05.2022;76,09;74,66;77,35;73,67
12.05.2022;77,25;78,93;84,9;76,63
13.05.2022;83,93;75,95;87,6;74,55
16.05.2022;78,51;82,26;84,28;74,85
17.05.2022;75,31;77,59;78,54;73,75
18.05.2022;78,41;75,79;78,63;74,25
19.05.2022;75,64;79,26;82,73;75,64
20.05.2022;71,64;75,03;75,03;70,52
23.05.2022;80,65;67,96;84,42;66,59
24.05.2022;81,4;83,34;88,44;81,17
25.05.2022;72,6;78,87;83,79;72,43
26.05.2022;69,36;73,68;74,76;68,81
27.05.2022;68,39;70,05;71,98;67,52
30.05.2022;66,79;71,77;73,03;65,97
31.05.2022;66,5;69,11;70,04;63,78
01.06.2022;67,66;67,6;69,2;66,15
02.06.2022;62,9;66,56;72,21;59,86
03.06.2022;61,98;58,22;65,24;58,21
06.06.2022;62,38;68,47;70,24;57
07.06.2022;64,45;62,36;66,97;60,91
08.06.2022;62,45;63,23;66,21;58,94
09.06.2022;44,87;66,58;69,63;3,91
10.06.2022;48,06;40,21;68,76;36,5
14.06.2022;58,56;48,62;63,92;36,75
15.06.2022;50,14;49,9;67,2;43,82
16.06.2022;59,95;51,76;64,41;49,22
17.06.2022;54,19;60,26;60,26;53,66
20.06.2022;49,91;51,45;54,13;49,66
21.06.2022;51,81;50,57;52,13;49,34
22.06.2022;51,26;52,63;53,65;50,72
23.06.2022;48,87;51,12;51,72;48,78
24.06.2022;47,72;48,84;50,03;47,07
27.06.2022;46,87;53,54;55,27;46,85
28.06.2022;46,1;46,92;49,45;45,19
29.06.2022;55,71;45,18;59,57;44,28
30.06.2022;60,61;57,79;67,48;57,76
01.07.2022;66,46;64,7;71,9;64,36
04.07.2022;60,68;64,5;67,6;58,3
05.07.2022;62,16;58,97;65,73;58,75
06.07.2022;63,06;61,64;65,49;59,55
07.07.2022;57,68;59,5;63,95;57,64
08.07.2022;56,57;58,21;61,81;54,57
11.07.2022;58,11;57,33;64,64;54,82
12.07.2022;62,27;60,04;64,71;56,51
13.07.2022;67,56;58,5;67,83;57,81
14.07.2022;73,48;71,36;76,64;70,74
15.07.2022;66,97;71,56;73,38;65,1
18.07.2022;62,48;66,65;66,65;59,55
19.07.2022;65,03;62,7;67,87;62,35
20.07.2022;60,01;64,99;66,18;59,28
21.07.2022;68,53;58,4;69,44;56,23
22.07.2022;61,92;67,52;69,24;61
25.07.2022;58,73;59,65;62,09;57,57
26.07.2022;59,26;59,22;59,73;56,82
27.07.2022;58,96;58,47;59,85;57,63
28.07.2022;59,16;57,9;60,09;56,17
29.07.2022;58,67;57,96;59,39;57,09
01.08.2022;58,49;56,97;61,31;56,83
02.08.2022;60,9;57,58;62,52;56,98
03.08.2022;60,09;59,65;60,48;57,95
04.08.2022;59,24;60,42;60,97;58,92
05.08.2022;60,1;59,91;61,58;58,06
08.08.2022;59,76;59,68;61,02;56,53
09.08.2022;56,93;60;60,17;56,55
10.08.2022;56,48;56,53;57,81;55,57
11.08.2022;54,37;54,7;55,21;52,96
12.08.2022;51,26;55,51;55,56;49,6
15.08.2022;51,93;50,5;54,87;50,1
16.08.2022;50,32;51,41;52,2;50,23
17.08.2022;51,8;50,41;52,95;49,67
18.08.2022;50,27;51,36;52,74;49,91
19.08.2022;47,43;51,79;52,35;47,23
22.08.2022;47,68;47,1;50,49;44,94
23.08.2022;44,78;47,22;47,98;44,67
24.08.2022;46,21;44,66;48,39;42,72
25.08.2022;46,07;46;47,26;42,63
26.08.2022;46,13;45,56;48,3;43,62
29.08.2022;48,11;45,93;54,12;44,96
30.08.2022;50,03;47,8;51,42;46,64
31.08.2022;50,8;50,71;54,94;46,03
01.09.2022;51,13;50,68;53,33;48,64
02.09.2022;51,68;50,56;53,64;49,4
05.09.2022;52,89;44,5;54,59;43,19
06.09.2022;52,63;52,5;60,13;51,79
07.09.2022;51,71;51,82;57,75;51,52
08.09.2022;48,25;54,81;54,95;45,07
09.09.2022;47,16;41,21;51,05;41,13
12.09.2022;49,23;44,43;51,35;42,03
13.09.2022;51,37;49,64;52,76;46,36
14.09.2022;52,58;52,22;54,84;47,72
15.09.2022;48,29;52,29;52,76;46,89
16.09.2022;46,31;47,69;49,35;46,14
19.09.2022;46,06;43,79;48,34;43,48
20.09.2022;57,48;44,74;58,07;44,72
21.09.2022;65,26;54,79;79,84;54,69
22.09.2022;54,86;66,5;66,5;51,9
23.09.2022;59,36;55,09;60,52;53,9
26.09.2022;72,19;59,81;75,84;58,17
27.09.2022;73,5;73,28;77,36;71,93
28.09.2022;73,5;73,64;77,24;72,01
29.09.2022;74,44;74,25;78,82;72,7
30.09.2022;75,08;73,75;78,47;68,39
03.10.2022;67,84;73,18;77,76;67,64
04.10.2022;68,06;69,14;71,14;62,37
05.10.2022;65,94;66,33;70,62;64,73
06.10.2022;67,37;64,7;67,93;62,24
07.10.2022;67,5;69,61;69,66;62,21
10.10.2022;70,66;72,28;83,34;64,71
11.10.2022;70,26;70,86;76,57;68,51
12.10.2022;71,87;69,77;72,79;67,52
13.10.2022;71,8;73,29;79,47;71,02
14.10.2022;68,98;72,21;78,4;66,5
17.10.2022;60,5;66,69;69,01;60,46
18.10.2022;61,52;60,47;64,17;59,27
19.10.2022;62,63;60,97;65,48;60,97
20.10.2022;58,24;64,31;64,35;58
21.10.2022;52,64;56,4;56,4;52,25
24.10.2022;53;51,69;54,58;51,04
25.10.2022;49,33;53,38;53,55;48,98
26.10.2022;50,11;48,99;51,4;48,8
27.10.2022;50,23;50,41;51,44;49,84
28.10.2022;49,22;51,89;51,9;49,07
31.10.2022;47,83;48,58;49,49;47,43
01.11.2022;46,7;46,88;48,24;46,22
02.11.2022;47,02;46,51;47,61;46,47
03.11.2022;48,54;47,38;49,02;46,32
07.11.2022;44,32;48,35;49,46;44,03
08.11.2022;43,93;43,92;44,91;43,41
09.11.2022;45,76;43,79;45,76;42,76
10.11.2022;41,35;44,54;46,32;40,58
11.11.2022;43,22;41,02;43,24;39,78
14.11.2022;43,36;40,61;43,4;40,58
15.11.2022;42,71;43,05;43,92;42,42
16.11.2022;45,47;42,31;49,49;41,94
17.11.2022;42,74;45,13;45,41;42,51
18.11.2022;43,05;42,49;43,97;41,66
21.11.2022;41,53;43,09;45,58;40,84
22.11.2022;41,36;44;45,2;40,69
23.11.2022;41,11;40,94;46,26;40,7
24.11.2022;41,84;41,05;43,05;38,95
25.11.2022;39,22;41,25;42,99;37,52
28.11.2022;39,8;43,6;44,71;38,71
29.11.2022;40,01;39,5;42,06;39,04
30.11.2022;40,26;39,99;42,21;37,07
01.12.2022;40,66;40,39;45,11;40,16
02.12.2022;39,99;40,11;42,79;39,37
05.12.2022;41,53;38,21;44,32;37,6
06.12.2022;40,27;40,45;45,31;38,88
07.12.2022;40,7;38,03;41,47;38,02
08.12.2022;34,7;41,5;45,31;34,57
09.12.2022;29,15;34,91;35;28,25
12.12.2022;27,84;28,68;32,2;25,91
13.12.2022;29,63;22,23;40,53;21,63
14.12.2022;32,05;30,93;39,09;30,44
15.12.2022;32,12;33,1;33,1;28,18
16.12.2022;33,4;31,62;33,76;31,11
19.12.2022;35,15;31,72;36,16;30,53
20.12.2022;36,36;35,64;37,2;35,2
21.12.2022;37,75;35,54;38,64;35,54
22.12.2022;37,34;37,39;40,24;36,51
23.12.2022;38,19;39,42;42,47;37,37
26.12.2022;40,27;38,43;42,17;38,39
27.12.2022;40,79;38,93;42,02;38,93
28.12.2022;43,05;39,8;43,12;39,03
29.12.2022;42,01;42,66;43,35;40,7
30.12.2022;39,27;41,43;42,56;39,27
03.01.2023;40,35;38,86;40,64;38,69
04.01.2023;40,58;40,82;41,99;39,46
05.01.2023;44,09;42,24;44,37;40,74
06.01.2023;40,62;43,22;44,35;39,48
09.01.2023;38,48;40,39;42,14;37,56
10.01.2023;36,67;38,24;38,95;36,67
11.01.2023;36,41;38,45;40,01;36,4
12.01.2023;32,68;34,94;35,39;31,99
13.01.2023;35,66;33,61;37,36;33,21
16.01.2023;34,88;35,22;35,73;32,52
17.01.2023;35,94;35,69;36,91;34,23
18.01.2023;35,24;35,47;37,24;33,27
19.01.2023;36,01;34,84;37,22;34,82
20.01.2023;34,99;36,15;36,21;34,4
23.01.2023;34,94;34,08;36,01;33,96
24.01.2023;34,82;35,1;35,54;33,84
25.01.2023;33,89;34,6;35,03;33,82
26.01.2023;33,23;33,92;34,38;33,14
27.01.2023;33,37;33,08;33,77;32,81
30.01.2023;32,29;33,43;33,95;32,17
31.01.2023;32,21;32,26;33,32;32,01
01.02.2023;32,21;31,47;32,67;30,14
02.02.2023;31,44;32,49;32,99;30,24
03.02.2023;31,44;31,87;32,26;30,59
06.02.2023;30,68;31,06;32,1;30,05
07.02.2023;31,54;30,39;31,79;30,05
08.02.2023;30,61;31,18;31,38;29,56
09.02.2023;27,04;28,51;29,43;25,19
10.02.2023;26,84;29,06;29,34;25,84
13.02.2023;29,69;27,9;30,8;27,43
14.02.2023;35,59;29,35;35,89;29,27
15.02.2023;41,41;35,84;41,68;34,89
16.02.2023;43,08;40,83;44,37;40,83
17.02.2023;43,86;42,74;44,83;42,66
20.02.2023;47,57;43,46;47,62;42,46
21.02.2023;45,61;47,13;51,24;45,6
22.02.2023;43,21;45,01;45,81;43,04
24.02.2023;42,39;43,27;45,25;41,33
27.02.2023;42,71;39,9;43,76;39,5
28.02.2023;44,53;43,07;44,92;41,46
01.03.2023;41,29;44,23;44,6;38,8
02.03.2023;42,62;40,95;44,9;40,61
03.03.2023;39,7;43,53;43,54;39,69
06.03.2023;37,77;40,3;40,77;37,25
07.03.2023;36,54;37,61;37,64;34,64
09.03.2023;32,43;27,72;35,77;27,51
10.03.2023;32,72;32,11;34,21;31,13
13.03.2023;35,67;37,45;40,92;31,04
14.03.2023;31,42;36,06;37,01;28,85
15.03.2023;36,46;40,25;41,64;32,84
16.03.2023;33,68;36,94;38,93;33,21
17.03.2023;32,03;34,91;34,96;30,17
20.03.2023;30,33;32,05;33,66;30,17
21.03.2023;32,62;31,06;32,8;29,68
22.03.2023;30,97;33,2;33,24;30,15
23.03.2023;32,1;31,85;34,69;31,77
24.03.2023;31,24;33,12;33,46;30,84
27.03.2023;31,99;30,86;32,4;29,65
28.03.2023;32,71;31,72;32,71;31,32
29.03.2023;32,57;32,07;33,03;31,93
30.03.2023;32,68;32,24;33,31;32,17
31.03.2023;33,57;32,71;33,67;31,89
03.04.2023;33,6;34,04;35,48;32,4
04.04.2023;34,4;33,85;35,55;32,24
05.04.2023;34,37;34,37;34,81;33,88
06.04.2023;34,83;33,38;35,14;33,16
07.04.2023;34,57;34,42;36,88;34,31
10.04.2023;33,35;32,31;33,73;31,5
11.04.2023;32,85;33,09;33,7;31,93
12.04.2023;34,77;32,55;34,88;32,22
13.04.2023;32,17;32,3;32,49;30,92
14.04.2023;31,69;32,3;33,29;30,72
17.04.2023;31,72;31,47;34,46;30,85
18.04.2023;31,01;31,94;31,94;30,6
19.04.2023;32,16;30,77;32,47;29,84
20.04.2023;31,18;31,77;32,7;30,85
21.04.2023;31,01;32,03;33;30,83
24.04.2023;31,44;31,3;32,47;30,75
25.04.2023;30,67;31,38;32,03;30,54
26.04.2023;30,4;30,55;30,81;29,84
27.04.2023;28,52;30,1;30,7;28,52
28.04.2023;27,47;28,46;29,02;26,39
02.05.2023;28,93;27,1;29,38;26,82
03.05.2023;30,97;29;30,97;28,49
04.05.2023;31,54;30,38;32,18;30,01
05.05.2023;32,52;31,32;32,71;28,49
08.05.2023;31,66;32,33;33,47;31,33
10.05.2023;30,67;31,21;32,79;28,27
11.05.2023;32,71;32,51;33,04;29,71
12.05.2023;33,42;31,61;34,37;29,46
15.05.2023;33,83;33,67;35,2;33,05
16.05.2023;34,84;32,94;34,91;32,3
17.05.2023;33,73;34,88;35,59;33,45
18.05.2023;33,62;33,81;34,12;31,68
19.05.2023;31,12;33,18;33,46;30,74
22.05.2023;32,36;31,51;34;30,54
23.05.2023;32,71;32,42;34,95;31,4
24.05.2023;31,37;32,48;33,22;29,99
25.05.2023;31,09;31,19;38,19;31,06
26.05.2023;29,81;31;31,2;29,55
29.05.2023;31,61;30,16;32,41;29,81
30.05.2023;30,84;34,26;34,83;30,75
31.05.2023;30,77;30,98;33,3;30,68
01.06.2023;31,96;33,24;33,24;30,99